Date,Content,Video title,Video publish time,Duration,Engaged views
2026-01-09,B7lD5nhETM4,Napoleonic Cavalry 💂⚔️🐎 Uniforms of the Cavalry,"Aug 27, 2025",358,18
2026-01-10,B7lD5nhETM4,Napoleonic Cavalry 💂⚔️🐎 Uniforms of the Cavalry,"Aug 27, 2025",358,20
2026-01-11,B7lD5nhETM4,Napoleonic Cavalry 💂⚔️🐎 Uniforms of the Cavalry,"Aug 27, 2025",358,16
2026-01-12,B7lD5nhETM4,Napoleonic Cavalry 💂⚔️🐎 Uniforms of the Cavalry,"Aug 27, 2025",358,19
2026-01-13,B7lD5nhETM4,Napoleonic Cavalry 💂⚔️🐎 Uniforms of the Cavalry,"Aug 27, 2025",358,23
2026-01-14,B7lD5nhETM4,Napoleonic Cavalry 💂⚔️🐎 Uniforms of the Cavalry,"Aug 27, 2025",358,10
2026-01-15,B7lD5nhETM4,Napoleonic Cavalry 💂⚔️🐎 Uniforms of the Cavalry,"Aug 27, 2025",358,34
2026-01-16,B7lD5nhETM4,Napoleonic Cavalry 💂⚔️🐎 Uniforms of the Cavalry,"Aug 27, 2025",358,27
2026-01-17,B7lD5nhETM4,Napoleonic Cavalry 💂⚔️🐎 Uniforms of the Cavalry,"Aug 27, 2025",358,28
2026-01-18,B7lD5nhETM4,Napoleonic Cavalry 💂⚔️🐎 Uniforms of the Cavalry,"Aug 27, 2025",358,17
2026-01-19,B7lD5nhETM4,Napoleonic Cavalry 💂⚔️🐎 Uniforms of the Cavalry,"Aug 27, 2025",358,14
2026-01-20,B7lD5nhETM4,Napoleonic Cavalry 💂⚔️🐎 Uniforms of the Cavalry,"Aug 27, 2025",358,16
2026-01-21,B7lD5nhETM4,Napoleonic Cavalry 💂⚔️🐎 Uniforms of the Cavalry,"Aug 27, 2025",358,13
2026-01-22,B7lD5nhETM4,Napoleonic Cavalry 💂⚔️🐎 Uniforms of the Cavalry,"Aug 27, 2025",358,15
2026-01-23,B7lD5nhETM4,Napoleonic Cavalry 💂⚔️🐎 Uniforms of the Cavalry,"Aug 27, 2025",358,24
2026-01-24,B7lD5nhETM4,Napoleonic Cavalry 💂⚔️🐎 Uniforms of the Cavalry,"Aug 27, 2025",358,30
2026-01-25,B7lD5nhETM4,Napoleonic Cavalry 💂⚔️🐎 Uniforms of the Cavalry,"Aug 27, 2025",358,25
2026-01-26,B7lD5nhETM4,Napoleonic Cavalry 💂⚔️🐎 Uniforms of the Cavalry,"Aug 27, 2025",358,22
2026-01-27,B7lD5nhETM4,Napoleonic Cavalry 💂⚔️🐎 Uniforms of the Cavalry,"Aug 27, 2025",358,13
2026-01-28,B7lD5nhETM4,Napoleonic Cavalry 💂⚔️🐎 Uniforms of the Cavalry,"Aug 27, 2025",358,19
2026-01-29,B7lD5nhETM4,Napoleonic Cavalry 💂⚔️🐎 Uniforms of the Cavalry,"Aug 27, 2025",358,22
2026-01-30,B7lD5nhETM4,Napoleonic Cavalry 💂⚔️🐎 Uniforms of the Cavalry,"Aug 27, 2025",358,14
2026-01-31,B7lD5nhETM4,Napoleonic Cavalry 💂⚔️🐎 Uniforms of the Cavalry,"Aug 27, 2025",358,35
2026-02-01,B7lD5nhETM4,Napoleonic Cavalry 💂⚔️🐎 Uniforms of the Cavalry,"Aug 27, 2025",358,22
2026-02-02,B7lD5nhETM4,Napoleonic Cavalry 💂⚔️🐎 Uniforms of the Cavalry,"Aug 27, 2025",358,12
2026-02-03,B7lD5nhETM4,Napoleonic Cavalry 💂⚔️🐎 Uniforms of the Cavalry,"Aug 27, 2025",358,21
2026-02-04,B7lD5nhETM4,Napoleonic Cavalry 💂⚔️🐎 Uniforms of the Cavalry,"Aug 27, 2025",358,32
2026-02-05,B7lD5nhETM4,Napoleonic Cavalry 💂⚔️🐎 Uniforms of the Cavalry,"Aug 27, 2025",358,21
2026-02-06,B7lD5nhETM4,Napoleonic Cavalry 💂⚔️🐎 Uniforms of the Cavalry,"Aug 27, 2025",358,21
2026-02-07,B7lD5nhETM4,Napoleonic Cavalry 💂⚔️🐎 Uniforms of the Cavalry,"Aug 27, 2025",358,24
2026-02-08,B7lD5nhETM4,Napoleonic Cavalry 💂⚔️🐎 Uniforms of the Cavalry,"Aug 27, 2025",358,22
2026-02-09,B7lD5nhETM4,Napoleonic Cavalry 💂⚔️🐎 Uniforms of the Cavalry,"Aug 27, 2025",358,16
2026-02-10,B7lD5nhETM4,Napoleonic Cavalry 💂⚔️🐎 Uniforms of the Cavalry,"Aug 27, 2025",358,30
2026-02-11,B7lD5nhETM4,Napoleonic Cavalry 💂⚔️🐎 Uniforms of the Cavalry,"Aug 27, 2025",358,25
2026-02-12,B7lD5nhETM4,Napoleonic Cavalry 💂⚔️🐎 Uniforms of the Cavalry,"Aug 27, 2025",358,36
2026-02-13,B7lD5nhETM4,Napoleonic Cavalry 💂⚔️🐎 Uniforms of the Cavalry,"Aug 27, 2025",358,28
2026-02-14,B7lD5nhETM4,Napoleonic Cavalry 💂⚔️🐎 Uniforms of the Cavalry,"Aug 27, 2025",358,24
2026-02-15,B7lD5nhETM4,Napoleonic Cavalry 💂⚔️🐎 Uniforms of the Cavalry,"Aug 27, 2025",358,21
2026-02-16,B7lD5nhETM4,Napoleonic Cavalry 💂⚔️🐎 Uniforms of the Cavalry,"Aug 27, 2025",358,22
2026-02-17,B7lD5nhETM4,Napoleonic Cavalry 💂⚔️🐎 Uniforms of the Cavalry,"Aug 27, 2025",358,26
2026-02-18,B7lD5nhETM4,Napoleonic Cavalry 💂⚔️🐎 Uniforms of the Cavalry,"Aug 27, 2025",358,19
2026-02-19,B7lD5nhETM4,Napoleonic Cavalry 💂⚔️🐎 Uniforms of the Cavalry,"Aug 27, 2025",358,17
2026-02-20,B7lD5nhETM4,Napoleonic Cavalry 💂⚔️🐎 Uniforms of the Cavalry,"Aug 27, 2025",358,22
2026-02-21,B7lD5nhETM4,Napoleonic Cavalry 💂⚔️🐎 Uniforms of the Cavalry,"Aug 27, 2025",358,29
2026-02-22,B7lD5nhETM4,Napoleonic Cavalry 💂⚔️🐎 Uniforms of the Cavalry,"Aug 27, 2025",358,21
2026-02-23,B7lD5nhETM4,Napoleonic Cavalry 💂⚔️🐎 Uniforms of the Cavalry,"Aug 27, 2025",358,18
2026-02-24,B7lD5nhETM4,Napoleonic Cavalry 💂⚔️🐎 Uniforms of the Cavalry,"Aug 27, 2025",358,7
2026-02-25,B7lD5nhETM4,Napoleonic Cavalry 💂⚔️🐎 Uniforms of the Cavalry,"Aug 27, 2025",358,20
2026-02-26,B7lD5nhETM4,Napoleonic Cavalry 💂⚔️🐎 Uniforms of the Cavalry,"Aug 27, 2025",358,20
2026-02-27,B7lD5nhETM4,Napoleonic Cavalry 💂⚔️🐎 Uniforms of the Cavalry,"Aug 27, 2025",358,23
2026-02-28,B7lD5nhETM4,Napoleonic Cavalry 💂⚔️🐎 Uniforms of the Cavalry,"Aug 27, 2025",358,20
2026-03-01,B7lD5nhETM4,Napoleonic Cavalry 💂⚔️🐎 Uniforms of the Cavalry,"Aug 27, 2025",358,20
2026-03-02,B7lD5nhETM4,Napoleonic Cavalry 💂⚔️🐎 Uniforms of the Cavalry,"Aug 27, 2025",358,23
2026-03-03,B7lD5nhETM4,Napoleonic Cavalry 💂⚔️🐎 Uniforms of the Cavalry,"Aug 27, 2025",358,13
2026-03-04,B7lD5nhETM4,Napoleonic Cavalry 💂⚔️🐎 Uniforms of the Cavalry,"Aug 27, 2025",358,25
2026-03-05,B7lD5nhETM4,Napoleonic Cavalry 💂⚔️🐎 Uniforms of the Cavalry,"Aug 27, 2025",358,23
2026-03-06,B7lD5nhETM4,Napoleonic Cavalry 💂⚔️🐎 Uniforms of the Cavalry,"Aug 27, 2025",358,25
2026-03-07,B7lD5nhETM4,Napoleonic Cavalry 💂⚔️🐎 Uniforms of the Cavalry,"Aug 27, 2025",358,10
2026-03-08,B7lD5nhETM4,Napoleonic Cavalry 💂⚔️🐎 Uniforms of the Cavalry,"Aug 27, 2025",358,17
2026-03-09,B7lD5nhETM4,Napoleonic Cavalry 💂⚔️🐎 Uniforms of the Cavalry,"Aug 27, 2025",358,33
2026-03-10,B7lD5nhETM4,Napoleonic Cavalry 💂⚔️🐎 Uniforms of the Cavalry,"Aug 27, 2025",358,34
2026-03-11,B7lD5nhETM4,Napoleonic Cavalry 💂⚔️🐎 Uniforms of the Cavalry,"Aug 27, 2025",358,18
2026-03-12,B7lD5nhETM4,Napoleonic Cavalry 💂⚔️🐎 Uniforms of the Cavalry,"Aug 27, 2025",358,28
2026-03-13,B7lD5nhETM4,Napoleonic Cavalry 💂⚔️🐎 Uniforms of the Cavalry,"Aug 27, 2025",358,16
2026-03-14,B7lD5nhETM4,Napoleonic Cavalry 💂⚔️🐎 Uniforms of the Cavalry,"Aug 27, 2025",358,22
2026-03-15,B7lD5nhETM4,Napoleonic Cavalry 💂⚔️🐎 Uniforms of the Cavalry,"Aug 27, 2025",358,21
2026-03-16,B7lD5nhETM4,Napoleonic Cavalry 💂⚔️🐎 Uniforms of the Cavalry,"Aug 27, 2025",358,23
2026-03-17,B7lD5nhETM4,Napoleonic Cavalry 💂⚔️🐎 Uniforms of the Cavalry,"Aug 27, 2025",358,18
2026-03-18,B7lD5nhETM4,Napoleonic Cavalry 💂⚔️🐎 Uniforms of the Cavalry,"Aug 27, 2025",358,18
2026-03-19,B7lD5nhETM4,Napoleonic Cavalry 💂⚔️🐎 Uniforms of the Cavalry,"Aug 27, 2025",358,20
2026-03-20,B7lD5nhETM4,Napoleonic Cavalry 💂⚔️🐎 Uniforms of the Cavalry,"Aug 27, 2025",358,25
2026-03-21,B7lD5nhETM4,Napoleonic Cavalry 💂⚔️🐎 Uniforms of the Cavalry,"Aug 27, 2025",358,19
2026-03-22,B7lD5nhETM4,Napoleonic Cavalry 💂⚔️🐎 Uniforms of the Cavalry,"Aug 27, 2025",358,17
2026-03-23,B7lD5nhETM4,Napoleonic Cavalry 💂⚔️🐎 Uniforms of the Cavalry,"Aug 27, 2025",358,23
2026-03-24,B7lD5nhETM4,Napoleonic Cavalry 💂⚔️🐎 Uniforms of the Cavalry,"Aug 27, 2025",358,17
2026-03-25,B7lD5nhETM4,Napoleonic Cavalry 💂⚔️🐎 Uniforms of the Cavalry,"Aug 27, 2025",358,18
2026-03-26,B7lD5nhETM4,Napoleonic Cavalry 💂⚔️🐎 Uniforms of the Cavalry,"Aug 27, 2025",358,23
2026-03-27,B7lD5nhETM4,Napoleonic Cavalry 💂⚔️🐎 Uniforms of the Cavalry,"Aug 27, 2025",358,25
2026-03-28,B7lD5nhETM4,Napoleonic Cavalry 💂⚔️🐎 Uniforms of the Cavalry,"Aug 27, 2025",358,21
2026-03-29,B7lD5nhETM4,Napoleonic Cavalry 💂⚔️🐎 Uniforms of the Cavalry,"Aug 27, 2025",358,19
2026-03-30,B7lD5nhETM4,Napoleonic Cavalry 💂⚔️🐎 Uniforms of the Cavalry,"Aug 27, 2025",358,15
2026-03-31,B7lD5nhETM4,Napoleonic Cavalry 💂⚔️🐎 Uniforms of the Cavalry,"Aug 27, 2025",358,21
2026-04-01,B7lD5nhETM4,Napoleonic Cavalry 💂⚔️🐎 Uniforms of the Cavalry,"Aug 27, 2025",358,14
2026-04-02,B7lD5nhETM4,Napoleonic Cavalry 💂⚔️🐎 Uniforms of the Cavalry,"Aug 27, 2025",358,17
2026-04-03,B7lD5nhETM4,Napoleonic Cavalry 💂⚔️🐎 Uniforms of the Cavalry,"Aug 27, 2025",358,16
2026-04-04,B7lD5nhETM4,Napoleonic Cavalry 💂⚔️🐎 Uniforms of the Cavalry,"Aug 27, 2025",358,29
2026-04-05,B7lD5nhETM4,Napoleonic Cavalry 💂⚔️🐎 Uniforms of the Cavalry,"Aug 27, 2025",358,20
2026-04-06,B7lD5nhETM4,Napoleonic Cavalry 💂⚔️🐎 Uniforms of the Cavalry,"Aug 27, 2025",358,27
2026-04-07,B7lD5nhETM4,Napoleonic Cavalry 💂⚔️🐎 Uniforms of the Cavalry,"Aug 27, 2025",358,21
2026-04-08,B7lD5nhETM4,Napoleonic Cavalry 💂⚔️🐎 Uniforms of the Cavalry,"Aug 27, 2025",358,17
2026-01-09,fxzf2fIs6ig,NAPOLEON'S 🇫🇷 Corps System 💂 EXPLAINED,"Oct 25, 2025",508,10
2026-01-10,fxzf2fIs6ig,NAPOLEON'S 🇫🇷 Corps System 💂 EXPLAINED,"Oct 25, 2025",508,8
2026-01-11,fxzf2fIs6ig,NAPOLEON'S 🇫🇷 Corps System 💂 EXPLAINED,"Oct 25, 2025",508,11
2026-01-12,fxzf2fIs6ig,NAPOLEON'S 🇫🇷 Corps System 💂 EXPLAINED,"Oct 25, 2025",508,6
2026-01-13,fxzf2fIs6ig,NAPOLEON'S 🇫🇷 Corps System 💂 EXPLAINED,"Oct 25, 2025",508,9
2026-01-14,fxzf2fIs6ig,NAPOLEON'S 🇫🇷 Corps System 💂 EXPLAINED,"Oct 25, 2025",508,6
2026-01-15,fxzf2fIs6ig,NAPOLEON'S 🇫🇷 Corps System 💂 EXPLAINED,"Oct 25, 2025",508,22
2026-01-16,fxzf2fIs6ig,NAPOLEON'S 🇫🇷 Corps System 💂 EXPLAINED,"Oct 25, 2025",508,16
2026-01-17,fxzf2fIs6ig,NAPOLEON'S 🇫🇷 Corps System 💂 EXPLAINED,"Oct 25, 2025",508,16
2026-01-18,fxzf2fIs6ig,NAPOLEON'S 🇫🇷 Corps System 💂 EXPLAINED,"Oct 25, 2025",508,9
2026-01-19,fxzf2fIs6ig,NAPOLEON'S 🇫🇷 Corps System 💂 EXPLAINED,"Oct 25, 2025",508,7
2026-01-20,fxzf2fIs6ig,NAPOLEON'S 🇫🇷 Corps System 💂 EXPLAINED,"Oct 25, 2025",508,8
2026-01-21,fxzf2fIs6ig,NAPOLEON'S 🇫🇷 Corps System 💂 EXPLAINED,"Oct 25, 2025",508,10
2026-01-22,fxzf2fIs6ig,NAPOLEON'S 🇫🇷 Corps System 💂 EXPLAINED,"Oct 25, 2025",508,5
2026-01-23,fxzf2fIs6ig,NAPOLEON'S 🇫🇷 Corps System 💂 EXPLAINED,"Oct 25, 2025",508,5
2026-01-24,fxzf2fIs6ig,NAPOLEON'S 🇫🇷 Corps System 💂 EXPLAINED,"Oct 25, 2025",508,23
2026-01-25,fxzf2fIs6ig,NAPOLEON'S 🇫🇷 Corps System 💂 EXPLAINED,"Oct 25, 2025",508,4
2026-01-26,fxzf2fIs6ig,NAPOLEON'S 🇫🇷 Corps System 💂 EXPLAINED,"Oct 25, 2025",508,5
2026-01-27,fxzf2fIs6ig,NAPOLEON'S 🇫🇷 Corps System 💂 EXPLAINED,"Oct 25, 2025",508,2
2026-01-28,fxzf2fIs6ig,NAPOLEON'S 🇫🇷 Corps System 💂 EXPLAINED,"Oct 25, 2025",508,5
2026-01-29,fxzf2fIs6ig,NAPOLEON'S 🇫🇷 Corps System 💂 EXPLAINED,"Oct 25, 2025",508,6
2026-01-30,fxzf2fIs6ig,NAPOLEON'S 🇫🇷 Corps System 💂 EXPLAINED,"Oct 25, 2025",508,14
2026-01-31,fxzf2fIs6ig,NAPOLEON'S 🇫🇷 Corps System 💂 EXPLAINED,"Oct 25, 2025",508,3
2026-02-01,fxzf2fIs6ig,NAPOLEON'S 🇫🇷 Corps System 💂 EXPLAINED,"Oct 25, 2025",508,8
2026-02-02,fxzf2fIs6ig,NAPOLEON'S 🇫🇷 Corps System 💂 EXPLAINED,"Oct 25, 2025",508,5
2026-02-03,fxzf2fIs6ig,NAPOLEON'S 🇫🇷 Corps System 💂 EXPLAINED,"Oct 25, 2025",508,5
2026-02-04,fxzf2fIs6ig,NAPOLEON'S 🇫🇷 Corps System 💂 EXPLAINED,"Oct 25, 2025",508,4
2026-02-05,fxzf2fIs6ig,NAPOLEON'S 🇫🇷 Corps System 💂 EXPLAINED,"Oct 25, 2025",508,6
2026-02-06,fxzf2fIs6ig,NAPOLEON'S 🇫🇷 Corps System 💂 EXPLAINED,"Oct 25, 2025",508,6
2026-02-07,fxzf2fIs6ig,NAPOLEON'S 🇫🇷 Corps System 💂 EXPLAINED,"Oct 25, 2025",508,12
2026-02-08,fxzf2fIs6ig,NAPOLEON'S 🇫🇷 Corps System 💂 EXPLAINED,"Oct 25, 2025",508,10
2026-02-09,fxzf2fIs6ig,NAPOLEON'S 🇫🇷 Corps System 💂 EXPLAINED,"Oct 25, 2025",508,14
2026-02-10,fxzf2fIs6ig,NAPOLEON'S 🇫🇷 Corps System 💂 EXPLAINED,"Oct 25, 2025",508,5
2026-02-11,fxzf2fIs6ig,NAPOLEON'S 🇫🇷 Corps System 💂 EXPLAINED,"Oct 25, 2025",508,6
2026-02-12,fxzf2fIs6ig,NAPOLEON'S 🇫🇷 Corps System 💂 EXPLAINED,"Oct 25, 2025",508,10
2026-02-13,fxzf2fIs6ig,NAPOLEON'S 🇫🇷 Corps System 💂 EXPLAINED,"Oct 25, 2025",508,14
2026-02-14,fxzf2fIs6ig,NAPOLEON'S 🇫🇷 Corps System 💂 EXPLAINED,"Oct 25, 2025",508,9
2026-02-15,fxzf2fIs6ig,NAPOLEON'S 🇫🇷 Corps System 💂 EXPLAINED,"Oct 25, 2025",508,14
2026-02-16,fxzf2fIs6ig,NAPOLEON'S 🇫🇷 Corps System 💂 EXPLAINED,"Oct 25, 2025",508,10
2026-02-17,fxzf2fIs6ig,NAPOLEON'S 🇫🇷 Corps System 💂 EXPLAINED,"Oct 25, 2025",508,10
2026-02-18,fxzf2fIs6ig,NAPOLEON'S 🇫🇷 Corps System 💂 EXPLAINED,"Oct 25, 2025",508,10
2026-02-19,fxzf2fIs6ig,NAPOLEON'S 🇫🇷 Corps System 💂 EXPLAINED,"Oct 25, 2025",508,6
2026-02-20,fxzf2fIs6ig,NAPOLEON'S 🇫🇷 Corps System 💂 EXPLAINED,"Oct 25, 2025",508,4
2026-02-21,fxzf2fIs6ig,NAPOLEON'S 🇫🇷 Corps System 💂 EXPLAINED,"Oct 25, 2025",508,13
2026-02-22,fxzf2fIs6ig,NAPOLEON'S 🇫🇷 Corps System 💂 EXPLAINED,"Oct 25, 2025",508,10
2026-02-23,fxzf2fIs6ig,NAPOLEON'S 🇫🇷 Corps System 💂 EXPLAINED,"Oct 25, 2025",508,12
2026-02-24,fxzf2fIs6ig,NAPOLEON'S 🇫🇷 Corps System 💂 EXPLAINED,"Oct 25, 2025",508,18
2026-02-25,fxzf2fIs6ig,NAPOLEON'S 🇫🇷 Corps System 💂 EXPLAINED,"Oct 25, 2025",508,17
2026-02-26,fxzf2fIs6ig,NAPOLEON'S 🇫🇷 Corps System 💂 EXPLAINED,"Oct 25, 2025",508,6
2026-02-27,fxzf2fIs6ig,NAPOLEON'S 🇫🇷 Corps System 💂 EXPLAINED,"Oct 25, 2025",508,6
2026-02-28,fxzf2fIs6ig,NAPOLEON'S 🇫🇷 Corps System 💂 EXPLAINED,"Oct 25, 2025",508,11
2026-03-01,fxzf2fIs6ig,NAPOLEON'S 🇫🇷 Corps System 💂 EXPLAINED,"Oct 25, 2025",508,12
2026-03-02,fxzf2fIs6ig,NAPOLEON'S 🇫🇷 Corps System 💂 EXPLAINED,"Oct 25, 2025",508,8
2026-03-03,fxzf2fIs6ig,NAPOLEON'S 🇫🇷 Corps System 💂 EXPLAINED,"Oct 25, 2025",508,3
2026-03-04,fxzf2fIs6ig,NAPOLEON'S 🇫🇷 Corps System 💂 EXPLAINED,"Oct 25, 2025",508,8
2026-03-05,fxzf2fIs6ig,NAPOLEON'S 🇫🇷 Corps System 💂 EXPLAINED,"Oct 25, 2025",508,3
2026-03-06,fxzf2fIs6ig,NAPOLEON'S 🇫🇷 Corps System 💂 EXPLAINED,"Oct 25, 2025",508,5
2026-03-07,fxzf2fIs6ig,NAPOLEON'S 🇫🇷 Corps System 💂 EXPLAINED,"Oct 25, 2025",508,2
2026-03-08,fxzf2fIs6ig,NAPOLEON'S 🇫🇷 Corps System 💂 EXPLAINED,"Oct 25, 2025",508,43
2026-03-09,fxzf2fIs6ig,NAPOLEON'S 🇫🇷 Corps System 💂 EXPLAINED,"Oct 25, 2025",508,28
2026-03-10,fxzf2fIs6ig,NAPOLEON'S 🇫🇷 Corps System 💂 EXPLAINED,"Oct 25, 2025",508,16
2026-03-11,fxzf2fIs6ig,NAPOLEON'S 🇫🇷 Corps System 💂 EXPLAINED,"Oct 25, 2025",508,11
2026-03-12,fxzf2fIs6ig,NAPOLEON'S 🇫🇷 Corps System 💂 EXPLAINED,"Oct 25, 2025",508,9
2026-03-13,fxzf2fIs6ig,NAPOLEON'S 🇫🇷 Corps System 💂 EXPLAINED,"Oct 25, 2025",508,10
2026-03-14,fxzf2fIs6ig,NAPOLEON'S 🇫🇷 Corps System 💂 EXPLAINED,"Oct 25, 2025",508,14
2026-03-15,fxzf2fIs6ig,NAPOLEON'S 🇫🇷 Corps System 💂 EXPLAINED,"Oct 25, 2025",508,7
2026-03-16,fxzf2fIs6ig,NAPOLEON'S 🇫🇷 Corps System 💂 EXPLAINED,"Oct 25, 2025",508,12
2026-03-17,fxzf2fIs6ig,NAPOLEON'S 🇫🇷 Corps System 💂 EXPLAINED,"Oct 25, 2025",508,3
2026-03-18,fxzf2fIs6ig,NAPOLEON'S 🇫🇷 Corps System 💂 EXPLAINED,"Oct 25, 2025",508,6
2026-03-19,fxzf2fIs6ig,NAPOLEON'S 🇫🇷 Corps System 💂 EXPLAINED,"Oct 25, 2025",508,6
2026-03-20,fxzf2fIs6ig,NAPOLEON'S 🇫🇷 Corps System 💂 EXPLAINED,"Oct 25, 2025",508,11
2026-03-21,fxzf2fIs6ig,NAPOLEON'S 🇫🇷 Corps System 💂 EXPLAINED,"Oct 25, 2025",508,5
2026-03-22,fxzf2fIs6ig,NAPOLEON'S 🇫🇷 Corps System 💂 EXPLAINED,"Oct 25, 2025",508,6
2026-03-23,fxzf2fIs6ig,NAPOLEON'S 🇫🇷 Corps System 💂 EXPLAINED,"Oct 25, 2025",508,5
2026-03-24,fxzf2fIs6ig,NAPOLEON'S 🇫🇷 Corps System 💂 EXPLAINED,"Oct 25, 2025",508,6
2026-03-25,fxzf2fIs6ig,NAPOLEON'S 🇫🇷 Corps System 💂 EXPLAINED,"Oct 25, 2025",508,2
2026-03-26,fxzf2fIs6ig,NAPOLEON'S 🇫🇷 Corps System 💂 EXPLAINED,"Oct 25, 2025",508,1
2026-03-27,fxzf2fIs6ig,NAPOLEON'S 🇫🇷 Corps System 💂 EXPLAINED,"Oct 25, 2025",508,7
2026-03-28,fxzf2fIs6ig,NAPOLEON'S 🇫🇷 Corps System 💂 EXPLAINED,"Oct 25, 2025",508,11
2026-03-29,fxzf2fIs6ig,NAPOLEON'S 🇫🇷 Corps System 💂 EXPLAINED,"Oct 25, 2025",508,11
2026-03-30,fxzf2fIs6ig,NAPOLEON'S 🇫🇷 Corps System 💂 EXPLAINED,"Oct 25, 2025",508,8
2026-03-31,fxzf2fIs6ig,NAPOLEON'S 🇫🇷 Corps System 💂 EXPLAINED,"Oct 25, 2025",508,5
2026-04-01,fxzf2fIs6ig,NAPOLEON'S 🇫🇷 Corps System 💂 EXPLAINED,"Oct 25, 2025",508,8
2026-04-02,fxzf2fIs6ig,NAPOLEON'S 🇫🇷 Corps System 💂 EXPLAINED,"Oct 25, 2025",508,9
2026-04-03,fxzf2fIs6ig,NAPOLEON'S 🇫🇷 Corps System 💂 EXPLAINED,"Oct 25, 2025",508,9
2026-04-04,fxzf2fIs6ig,NAPOLEON'S 🇫🇷 Corps System 💂 EXPLAINED,"Oct 25, 2025",508,6
2026-04-05,fxzf2fIs6ig,NAPOLEON'S 🇫🇷 Corps System 💂 EXPLAINED,"Oct 25, 2025",508,12
2026-04-06,fxzf2fIs6ig,NAPOLEON'S 🇫🇷 Corps System 💂 EXPLAINED,"Oct 25, 2025",508,5
2026-04-07,fxzf2fIs6ig,NAPOLEON'S 🇫🇷 Corps System 💂 EXPLAINED,"Oct 25, 2025",508,3
2026-04-08,fxzf2fIs6ig,NAPOLEON'S 🇫🇷 Corps System 💂 EXPLAINED,"Oct 25, 2025",508,5
2026-01-09,g7lh0SkmsxY,Napoleon's LEGENDARY 🐎 CAVALRY CHARGE ⚔️ at Somosierra,"Jan 17, 2025",490,9
2026-01-10,g7lh0SkmsxY,Napoleon's LEGENDARY 🐎 CAVALRY CHARGE ⚔️ at Somosierra,"Jan 17, 2025",490,8
2026-01-11,g7lh0SkmsxY,Napoleon's LEGENDARY 🐎 CAVALRY CHARGE ⚔️ at Somosierra,"Jan 17, 2025",490,10
2026-01-12,g7lh0SkmsxY,Napoleon's LEGENDARY 🐎 CAVALRY CHARGE ⚔️ at Somosierra,"Jan 17, 2025",490,1
2026-01-13,g7lh0SkmsxY,Napoleon's LEGENDARY 🐎 CAVALRY CHARGE ⚔️ at Somosierra,"Jan 17, 2025",490,11
2026-01-14,g7lh0SkmsxY,Napoleon's LEGENDARY 🐎 CAVALRY CHARGE ⚔️ at Somosierra,"Jan 17, 2025",490,4
2026-01-15,g7lh0SkmsxY,Napoleon's LEGENDARY 🐎 CAVALRY CHARGE ⚔️ at Somosierra,"Jan 17, 2025",490,4
2026-01-16,g7lh0SkmsxY,Napoleon's LEGENDARY 🐎 CAVALRY CHARGE ⚔️ at Somosierra,"Jan 17, 2025",490,11
2026-01-17,g7lh0SkmsxY,Napoleon's LEGENDARY 🐎 CAVALRY CHARGE ⚔️ at Somosierra,"Jan 17, 2025",490,8
2026-01-18,g7lh0SkmsxY,Napoleon's LEGENDARY 🐎 CAVALRY CHARGE ⚔️ at Somosierra,"Jan 17, 2025",490,4
2026-01-19,g7lh0SkmsxY,Napoleon's LEGENDARY 🐎 CAVALRY CHARGE ⚔️ at Somosierra,"Jan 17, 2025",490,3
2026-01-20,g7lh0SkmsxY,Napoleon's LEGENDARY 🐎 CAVALRY CHARGE ⚔️ at Somosierra,"Jan 17, 2025",490,13
2026-01-21,g7lh0SkmsxY,Napoleon's LEGENDARY 🐎 CAVALRY CHARGE ⚔️ at Somosierra,"Jan 17, 2025",490,3
2026-01-22,g7lh0SkmsxY,Napoleon's LEGENDARY 🐎 CAVALRY CHARGE ⚔️ at Somosierra,"Jan 17, 2025",490,8
2026-01-23,g7lh0SkmsxY,Napoleon's LEGENDARY 🐎 CAVALRY CHARGE ⚔️ at Somosierra,"Jan 17, 2025",490,10
2026-01-24,g7lh0SkmsxY,Napoleon's LEGENDARY 🐎 CAVALRY CHARGE ⚔️ at Somosierra,"Jan 17, 2025",490,9
2026-01-25,g7lh0SkmsxY,Napoleon's LEGENDARY 🐎 CAVALRY CHARGE ⚔️ at Somosierra,"Jan 17, 2025",490,8
2026-01-26,g7lh0SkmsxY,Napoleon's LEGENDARY 🐎 CAVALRY CHARGE ⚔️ at Somosierra,"Jan 17, 2025",490,9
2026-01-27,g7lh0SkmsxY,Napoleon's LEGENDARY 🐎 CAVALRY CHARGE ⚔️ at Somosierra,"Jan 17, 2025",490,5
2026-01-28,g7lh0SkmsxY,Napoleon's LEGENDARY 🐎 CAVALRY CHARGE ⚔️ at Somosierra,"Jan 17, 2025",490,7
2026-01-29,g7lh0SkmsxY,Napoleon's LEGENDARY 🐎 CAVALRY CHARGE ⚔️ at Somosierra,"Jan 17, 2025",490,6
2026-01-30,g7lh0SkmsxY,Napoleon's LEGENDARY 🐎 CAVALRY CHARGE ⚔️ at Somosierra,"Jan 17, 2025",490,4
2026-01-31,g7lh0SkmsxY,Napoleon's LEGENDARY 🐎 CAVALRY CHARGE ⚔️ at Somosierra,"Jan 17, 2025",490,8
2026-02-01,g7lh0SkmsxY,Napoleon's LEGENDARY 🐎 CAVALRY CHARGE ⚔️ at Somosierra,"Jan 17, 2025",490,5
2026-02-02,g7lh0SkmsxY,Napoleon's LEGENDARY 🐎 CAVALRY CHARGE ⚔️ at Somosierra,"Jan 17, 2025",490,7
2026-02-03,g7lh0SkmsxY,Napoleon's LEGENDARY 🐎 CAVALRY CHARGE ⚔️ at Somosierra,"Jan 17, 2025",490,4
2026-02-04,g7lh0SkmsxY,Napoleon's LEGENDARY 🐎 CAVALRY CHARGE ⚔️ at Somosierra,"Jan 17, 2025",490,8
2026-02-05,g7lh0SkmsxY,Napoleon's LEGENDARY 🐎 CAVALRY CHARGE ⚔️ at Somosierra,"Jan 17, 2025",490,1
2026-02-06,g7lh0SkmsxY,Napoleon's LEGENDARY 🐎 CAVALRY CHARGE ⚔️ at Somosierra,"Jan 17, 2025",490,1
2026-02-07,g7lh0SkmsxY,Napoleon's LEGENDARY 🐎 CAVALRY CHARGE ⚔️ at Somosierra,"Jan 17, 2025",490,7
2026-02-08,g7lh0SkmsxY,Napoleon's LEGENDARY 🐎 CAVALRY CHARGE ⚔️ at Somosierra,"Jan 17, 2025",490,16
2026-02-09,g7lh0SkmsxY,Napoleon's LEGENDARY 🐎 CAVALRY CHARGE ⚔️ at Somosierra,"Jan 17, 2025",490,6
2026-02-10,g7lh0SkmsxY,Napoleon's LEGENDARY 🐎 CAVALRY CHARGE ⚔️ at Somosierra,"Jan 17, 2025",490,2
2026-02-11,g7lh0SkmsxY,Napoleon's LEGENDARY 🐎 CAVALRY CHARGE ⚔️ at Somosierra,"Jan 17, 2025",490,5
2026-02-12,g7lh0SkmsxY,Napoleon's LEGENDARY 🐎 CAVALRY CHARGE ⚔️ at Somosierra,"Jan 17, 2025",490,10
2026-02-13,g7lh0SkmsxY,Napoleon's LEGENDARY 🐎 CAVALRY CHARGE ⚔️ at Somosierra,"Jan 17, 2025",490,12
2026-02-14,g7lh0SkmsxY,Napoleon's LEGENDARY 🐎 CAVALRY CHARGE ⚔️ at Somosierra,"Jan 17, 2025",490,6
2026-02-15,g7lh0SkmsxY,Napoleon's LEGENDARY 🐎 CAVALRY CHARGE ⚔️ at Somosierra,"Jan 17, 2025",490,7
2026-02-16,g7lh0SkmsxY,Napoleon's LEGENDARY 🐎 CAVALRY CHARGE ⚔️ at Somosierra,"Jan 17, 2025",490,3
2026-02-17,g7lh0SkmsxY,Napoleon's LEGENDARY 🐎 CAVALRY CHARGE ⚔️ at Somosierra,"Jan 17, 2025",490,6
2026-02-18,g7lh0SkmsxY,Napoleon's LEGENDARY 🐎 CAVALRY CHARGE ⚔️ at Somosierra,"Jan 17, 2025",490,7
2026-02-19,g7lh0SkmsxY,Napoleon's LEGENDARY 🐎 CAVALRY CHARGE ⚔️ at Somosierra,"Jan 17, 2025",490,9
2026-02-20,g7lh0SkmsxY,Napoleon's LEGENDARY 🐎 CAVALRY CHARGE ⚔️ at Somosierra,"Jan 17, 2025",490,8
2026-02-21,g7lh0SkmsxY,Napoleon's LEGENDARY 🐎 CAVALRY CHARGE ⚔️ at Somosierra,"Jan 17, 2025",490,5
2026-02-22,g7lh0SkmsxY,Napoleon's LEGENDARY 🐎 CAVALRY CHARGE ⚔️ at Somosierra,"Jan 17, 2025",490,5
2026-02-23,g7lh0SkmsxY,Napoleon's LEGENDARY 🐎 CAVALRY CHARGE ⚔️ at Somosierra,"Jan 17, 2025",490,5
2026-02-24,g7lh0SkmsxY,Napoleon's LEGENDARY 🐎 CAVALRY CHARGE ⚔️ at Somosierra,"Jan 17, 2025",490,2
2026-02-25,g7lh0SkmsxY,Napoleon's LEGENDARY 🐎 CAVALRY CHARGE ⚔️ at Somosierra,"Jan 17, 2025",490,4
2026-02-26,g7lh0SkmsxY,Napoleon's LEGENDARY 🐎 CAVALRY CHARGE ⚔️ at Somosierra,"Jan 17, 2025",490,3
2026-02-27,g7lh0SkmsxY,Napoleon's LEGENDARY 🐎 CAVALRY CHARGE ⚔️ at Somosierra,"Jan 17, 2025",490,5
2026-02-28,g7lh0SkmsxY,Napoleon's LEGENDARY 🐎 CAVALRY CHARGE ⚔️ at Somosierra,"Jan 17, 2025",490,11
2026-03-01,g7lh0SkmsxY,Napoleon's LEGENDARY 🐎 CAVALRY CHARGE ⚔️ at Somosierra,"Jan 17, 2025",490,3
2026-03-02,g7lh0SkmsxY,Napoleon's LEGENDARY 🐎 CAVALRY CHARGE ⚔️ at Somosierra,"Jan 17, 2025",490,5
2026-03-03,g7lh0SkmsxY,Napoleon's LEGENDARY 🐎 CAVALRY CHARGE ⚔️ at Somosierra,"Jan 17, 2025",490,4
2026-03-04,g7lh0SkmsxY,Napoleon's LEGENDARY 🐎 CAVALRY CHARGE ⚔️ at Somosierra,"Jan 17, 2025",490,7
2026-03-05,g7lh0SkmsxY,Napoleon's LEGENDARY 🐎 CAVALRY CHARGE ⚔️ at Somosierra,"Jan 17, 2025",490,8
2026-03-06,g7lh0SkmsxY,Napoleon's LEGENDARY 🐎 CAVALRY CHARGE ⚔️ at Somosierra,"Jan 17, 2025",490,3
2026-03-07,g7lh0SkmsxY,Napoleon's LEGENDARY 🐎 CAVALRY CHARGE ⚔️ at Somosierra,"Jan 17, 2025",490,4
2026-03-08,g7lh0SkmsxY,Napoleon's LEGENDARY 🐎 CAVALRY CHARGE ⚔️ at Somosierra,"Jan 17, 2025",490,2
2026-03-09,g7lh0SkmsxY,Napoleon's LEGENDARY 🐎 CAVALRY CHARGE ⚔️ at Somosierra,"Jan 17, 2025",490,5
2026-03-10,g7lh0SkmsxY,Napoleon's LEGENDARY 🐎 CAVALRY CHARGE ⚔️ at Somosierra,"Jan 17, 2025",490,4
2026-03-11,g7lh0SkmsxY,Napoleon's LEGENDARY 🐎 CAVALRY CHARGE ⚔️ at Somosierra,"Jan 17, 2025",490,11
2026-03-12,g7lh0SkmsxY,Napoleon's LEGENDARY 🐎 CAVALRY CHARGE ⚔️ at Somosierra,"Jan 17, 2025",490,1
2026-03-13,g7lh0SkmsxY,Napoleon's LEGENDARY 🐎 CAVALRY CHARGE ⚔️ at Somosierra,"Jan 17, 2025",490,1
2026-03-14,g7lh0SkmsxY,Napoleon's LEGENDARY 🐎 CAVALRY CHARGE ⚔️ at Somosierra,"Jan 17, 2025",490,8
2026-03-15,g7lh0SkmsxY,Napoleon's LEGENDARY 🐎 CAVALRY CHARGE ⚔️ at Somosierra,"Jan 17, 2025",490,7
2026-03-16,g7lh0SkmsxY,Napoleon's LEGENDARY 🐎 CAVALRY CHARGE ⚔️ at Somosierra,"Jan 17, 2025",490,3
2026-03-17,g7lh0SkmsxY,Napoleon's LEGENDARY 🐎 CAVALRY CHARGE ⚔️ at Somosierra,"Jan 17, 2025",490,7
2026-03-18,g7lh0SkmsxY,Napoleon's LEGENDARY 🐎 CAVALRY CHARGE ⚔️ at Somosierra,"Jan 17, 2025",490,8
2026-03-19,g7lh0SkmsxY,Napoleon's LEGENDARY 🐎 CAVALRY CHARGE ⚔️ at Somosierra,"Jan 17, 2025",490,7
2026-03-20,g7lh0SkmsxY,Napoleon's LEGENDARY 🐎 CAVALRY CHARGE ⚔️ at Somosierra,"Jan 17, 2025",490,3
2026-03-21,g7lh0SkmsxY,Napoleon's LEGENDARY 🐎 CAVALRY CHARGE ⚔️ at Somosierra,"Jan 17, 2025",490,10
2026-03-22,g7lh0SkmsxY,Napoleon's LEGENDARY 🐎 CAVALRY CHARGE ⚔️ at Somosierra,"Jan 17, 2025",490,5
2026-03-23,g7lh0SkmsxY,Napoleon's LEGENDARY 🐎 CAVALRY CHARGE ⚔️ at Somosierra,"Jan 17, 2025",490,4
2026-03-24,g7lh0SkmsxY,Napoleon's LEGENDARY 🐎 CAVALRY CHARGE ⚔️ at Somosierra,"Jan 17, 2025",490,1
2026-03-25,g7lh0SkmsxY,Napoleon's LEGENDARY 🐎 CAVALRY CHARGE ⚔️ at Somosierra,"Jan 17, 2025",490,3
2026-03-26,g7lh0SkmsxY,Napoleon's LEGENDARY 🐎 CAVALRY CHARGE ⚔️ at Somosierra,"Jan 17, 2025",490,7
2026-03-27,g7lh0SkmsxY,Napoleon's LEGENDARY 🐎 CAVALRY CHARGE ⚔️ at Somosierra,"Jan 17, 2025",490,8
2026-03-28,g7lh0SkmsxY,Napoleon's LEGENDARY 🐎 CAVALRY CHARGE ⚔️ at Somosierra,"Jan 17, 2025",490,13
2026-03-29,g7lh0SkmsxY,Napoleon's LEGENDARY 🐎 CAVALRY CHARGE ⚔️ at Somosierra,"Jan 17, 2025",490,6
2026-03-30,g7lh0SkmsxY,Napoleon's LEGENDARY 🐎 CAVALRY CHARGE ⚔️ at Somosierra,"Jan 17, 2025",490,0
2026-03-31,g7lh0SkmsxY,Napoleon's LEGENDARY 🐎 CAVALRY CHARGE ⚔️ at Somosierra,"Jan 17, 2025",490,1
2026-04-01,g7lh0SkmsxY,Napoleon's LEGENDARY 🐎 CAVALRY CHARGE ⚔️ at Somosierra,"Jan 17, 2025",490,1
2026-04-02,g7lh0SkmsxY,Napoleon's LEGENDARY 🐎 CAVALRY CHARGE ⚔️ at Somosierra,"Jan 17, 2025",490,5
2026-04-03,g7lh0SkmsxY,Napoleon's LEGENDARY 🐎 CAVALRY CHARGE ⚔️ at Somosierra,"Jan 17, 2025",490,1
2026-04-04,g7lh0SkmsxY,Napoleon's LEGENDARY 🐎 CAVALRY CHARGE ⚔️ at Somosierra,"Jan 17, 2025",490,3
2026-04-05,g7lh0SkmsxY,Napoleon's LEGENDARY 🐎 CAVALRY CHARGE ⚔️ at Somosierra,"Jan 17, 2025",490,4
2026-04-06,g7lh0SkmsxY,Napoleon's LEGENDARY 🐎 CAVALRY CHARGE ⚔️ at Somosierra,"Jan 17, 2025",490,3
2026-04-07,g7lh0SkmsxY,Napoleon's LEGENDARY 🐎 CAVALRY CHARGE ⚔️ at Somosierra,"Jan 17, 2025",490,5
2026-04-08,g7lh0SkmsxY,Napoleon's LEGENDARY 🐎 CAVALRY CHARGE ⚔️ at Somosierra,"Jan 17, 2025",490,3
2026-01-09,srISYbsYp0k,HOW to JOIN Napoleon's OLD GUARD 💂‍♂️🇫🇷,"Feb 10, 2026",497,0
2026-01-10,srISYbsYp0k,HOW to JOIN Napoleon's OLD GUARD 💂‍♂️🇫🇷,"Feb 10, 2026",497,0
2026-01-11,srISYbsYp0k,HOW to JOIN Napoleon's OLD GUARD 💂‍♂️🇫🇷,"Feb 10, 2026",497,0
2026-01-12,srISYbsYp0k,HOW to JOIN Napoleon's OLD GUARD 💂‍♂️🇫🇷,"Feb 10, 2026",497,0
2026-01-13,srISYbsYp0k,HOW to JOIN Napoleon's OLD GUARD 💂‍♂️🇫🇷,"Feb 10, 2026",497,0
2026-01-14,srISYbsYp0k,HOW to JOIN Napoleon's OLD GUARD 💂‍♂️🇫🇷,"Feb 10, 2026",497,0
2026-01-15,srISYbsYp0k,HOW to JOIN Napoleon's OLD GUARD 💂‍♂️🇫🇷,"Feb 10, 2026",497,0
2026-01-16,srISYbsYp0k,HOW to JOIN Napoleon's OLD GUARD 💂‍♂️🇫🇷,"Feb 10, 2026",497,0
2026-01-17,srISYbsYp0k,HOW to JOIN Napoleon's OLD GUARD 💂‍♂️🇫🇷,"Feb 10, 2026",497,0
2026-01-18,srISYbsYp0k,HOW to JOIN Napoleon's OLD GUARD 💂‍♂️🇫🇷,"Feb 10, 2026",497,0
2026-01-19,srISYbsYp0k,HOW to JOIN Napoleon's OLD GUARD 💂‍♂️🇫🇷,"Feb 10, 2026",497,0
2026-01-20,srISYbsYp0k,HOW to JOIN Napoleon's OLD GUARD 💂‍♂️🇫🇷,"Feb 10, 2026",497,0
2026-01-21,srISYbsYp0k,HOW to JOIN Napoleon's OLD GUARD 💂‍♂️🇫🇷,"Feb 10, 2026",497,0
2026-01-22,srISYbsYp0k,HOW to JOIN Napoleon's OLD GUARD 💂‍♂️🇫🇷,"Feb 10, 2026",497,0
2026-01-23,srISYbsYp0k,HOW to JOIN Napoleon's OLD GUARD 💂‍♂️🇫🇷,"Feb 10, 2026",497,0
2026-01-24,srISYbsYp0k,HOW to JOIN Napoleon's OLD GUARD 💂‍♂️🇫🇷,"Feb 10, 2026",497,0
2026-01-25,srISYbsYp0k,HOW to JOIN Napoleon's OLD GUARD 💂‍♂️🇫🇷,"Feb 10, 2026",497,0
2026-01-26,srISYbsYp0k,HOW to JOIN Napoleon's OLD GUARD 💂‍♂️🇫🇷,"Feb 10, 2026",497,0
2026-01-27,srISYbsYp0k,HOW to JOIN Napoleon's OLD GUARD 💂‍♂️🇫🇷,"Feb 10, 2026",497,0
2026-01-28,srISYbsYp0k,HOW to JOIN Napoleon's OLD GUARD 💂‍♂️🇫🇷,"Feb 10, 2026",497,0
2026-01-29,srISYbsYp0k,HOW to JOIN Napoleon's OLD GUARD 💂‍♂️🇫🇷,"Feb 10, 2026",497,0
2026-01-30,srISYbsYp0k,HOW to JOIN Napoleon's OLD GUARD 💂‍♂️🇫🇷,"Feb 10, 2026",497,0
2026-01-31,srISYbsYp0k,HOW to JOIN Napoleon's OLD GUARD 💂‍♂️🇫🇷,"Feb 10, 2026",497,0
2026-02-01,srISYbsYp0k,HOW to JOIN Napoleon's OLD GUARD 💂‍♂️🇫🇷,"Feb 10, 2026",497,0
2026-02-02,srISYbsYp0k,HOW to JOIN Napoleon's OLD GUARD 💂‍♂️🇫🇷,"Feb 10, 2026",497,0
2026-02-03,srISYbsYp0k,HOW to JOIN Napoleon's OLD GUARD 💂‍♂️🇫🇷,"Feb 10, 2026",497,0
2026-02-04,srISYbsYp0k,HOW to JOIN Napoleon's OLD GUARD 💂‍♂️🇫🇷,"Feb 10, 2026",497,0
2026-02-05,srISYbsYp0k,HOW to JOIN Napoleon's OLD GUARD 💂‍♂️🇫🇷,"Feb 10, 2026",497,0
2026-02-06,srISYbsYp0k,HOW to JOIN Napoleon's OLD GUARD 💂‍♂️🇫🇷,"Feb 10, 2026",497,0
2026-02-07,srISYbsYp0k,HOW to JOIN Napoleon's OLD GUARD 💂‍♂️🇫🇷,"Feb 10, 2026",497,0
2026-02-08,srISYbsYp0k,HOW to JOIN Napoleon's OLD GUARD 💂‍♂️🇫🇷,"Feb 10, 2026",497,0
2026-02-09,srISYbsYp0k,HOW to JOIN Napoleon's OLD GUARD 💂‍♂️🇫🇷,"Feb 10, 2026",497,0
2026-02-10,srISYbsYp0k,HOW to JOIN Napoleon's OLD GUARD 💂‍♂️🇫🇷,"Feb 10, 2026",497,87
2026-02-11,srISYbsYp0k,HOW to JOIN Napoleon's OLD GUARD 💂‍♂️🇫🇷,"Feb 10, 2026",497,240
2026-02-12,srISYbsYp0k,HOW to JOIN Napoleon's OLD GUARD 💂‍♂️🇫🇷,"Feb 10, 2026",497,128
2026-02-13,srISYbsYp0k,HOW to JOIN Napoleon's OLD GUARD 💂‍♂️🇫🇷,"Feb 10, 2026",497,37
2026-02-14,srISYbsYp0k,HOW to JOIN Napoleon's OLD GUARD 💂‍♂️🇫🇷,"Feb 10, 2026",497,22
2026-02-15,srISYbsYp0k,HOW to JOIN Napoleon's OLD GUARD 💂‍♂️🇫🇷,"Feb 10, 2026",497,13
2026-02-16,srISYbsYp0k,HOW to JOIN Napoleon's OLD GUARD 💂‍♂️🇫🇷,"Feb 10, 2026",497,17
2026-02-17,srISYbsYp0k,HOW to JOIN Napoleon's OLD GUARD 💂‍♂️🇫🇷,"Feb 10, 2026",497,8
2026-02-18,srISYbsYp0k,HOW to JOIN Napoleon's OLD GUARD 💂‍♂️🇫🇷,"Feb 10, 2026",497,5
2026-02-19,srISYbsYp0k,HOW to JOIN Napoleon's OLD GUARD 💂‍♂️🇫🇷,"Feb 10, 2026",497,6
2026-02-20,srISYbsYp0k,HOW to JOIN Napoleon's OLD GUARD 💂‍♂️🇫🇷,"Feb 10, 2026",497,3
2026-02-21,srISYbsYp0k,HOW to JOIN Napoleon's OLD GUARD 💂‍♂️🇫🇷,"Feb 10, 2026",497,9
2026-02-22,srISYbsYp0k,HOW to JOIN Napoleon's OLD GUARD 💂‍♂️🇫🇷,"Feb 10, 2026",497,10
2026-02-23,srISYbsYp0k,HOW to JOIN Napoleon's OLD GUARD 💂‍♂️🇫🇷,"Feb 10, 2026",497,6
2026-02-24,srISYbsYp0k,HOW to JOIN Napoleon's OLD GUARD 💂‍♂️🇫🇷,"Feb 10, 2026",497,1
2026-02-25,srISYbsYp0k,HOW to JOIN Napoleon's OLD GUARD 💂‍♂️🇫🇷,"Feb 10, 2026",497,9
2026-02-26,srISYbsYp0k,HOW to JOIN Napoleon's OLD GUARD 💂‍♂️🇫🇷,"Feb 10, 2026",497,18
2026-02-27,srISYbsYp0k,HOW to JOIN Napoleon's OLD GUARD 💂‍♂️🇫🇷,"Feb 10, 2026",497,9
2026-02-28,srISYbsYp0k,HOW to JOIN Napoleon's OLD GUARD 💂‍♂️🇫🇷,"Feb 10, 2026",497,2
2026-03-01,srISYbsYp0k,HOW to JOIN Napoleon's OLD GUARD 💂‍♂️🇫🇷,"Feb 10, 2026",497,8
2026-03-02,srISYbsYp0k,HOW to JOIN Napoleon's OLD GUARD 💂‍♂️🇫🇷,"Feb 10, 2026",497,2
2026-03-03,srISYbsYp0k,HOW to JOIN Napoleon's OLD GUARD 💂‍♂️🇫🇷,"Feb 10, 2026",497,5
2026-03-04,srISYbsYp0k,HOW to JOIN Napoleon's OLD GUARD 💂‍♂️🇫🇷,"Feb 10, 2026",497,6
2026-03-05,srISYbsYp0k,HOW to JOIN Napoleon's OLD GUARD 💂‍♂️🇫🇷,"Feb 10, 2026",497,2
2026-03-06,srISYbsYp0k,HOW to JOIN Napoleon's OLD GUARD 💂‍♂️🇫🇷,"Feb 10, 2026",497,2
2026-03-07,srISYbsYp0k,HOW to JOIN Napoleon's OLD GUARD 💂‍♂️🇫🇷,"Feb 10, 2026",497,5
2026-03-08,srISYbsYp0k,HOW to JOIN Napoleon's OLD GUARD 💂‍♂️🇫🇷,"Feb 10, 2026",497,2
2026-03-09,srISYbsYp0k,HOW to JOIN Napoleon's OLD GUARD 💂‍♂️🇫🇷,"Feb 10, 2026",497,2
2026-03-10,srISYbsYp0k,HOW to JOIN Napoleon's OLD GUARD 💂‍♂️🇫🇷,"Feb 10, 2026",497,2
2026-03-11,srISYbsYp0k,HOW to JOIN Napoleon's OLD GUARD 💂‍♂️🇫🇷,"Feb 10, 2026",497,1
2026-03-12,srISYbsYp0k,HOW to JOIN Napoleon's OLD GUARD 💂‍♂️🇫🇷,"Feb 10, 2026",497,1
2026-03-13,srISYbsYp0k,HOW to JOIN Napoleon's OLD GUARD 💂‍♂️🇫🇷,"Feb 10, 2026",497,2
2026-03-14,srISYbsYp0k,HOW to JOIN Napoleon's OLD GUARD 💂‍♂️🇫🇷,"Feb 10, 2026",497,3
2026-03-15,srISYbsYp0k,HOW to JOIN Napoleon's OLD GUARD 💂‍♂️🇫🇷,"Feb 10, 2026",497,1
2026-03-16,srISYbsYp0k,HOW to JOIN Napoleon's OLD GUARD 💂‍♂️🇫🇷,"Feb 10, 2026",497,1
2026-03-17,srISYbsYp0k,HOW to JOIN Napoleon's OLD GUARD 💂‍♂️🇫🇷,"Feb 10, 2026",497,0
2026-03-18,srISYbsYp0k,HOW to JOIN Napoleon's OLD GUARD 💂‍♂️🇫🇷,"Feb 10, 2026",497,2
2026-03-19,srISYbsYp0k,HOW to JOIN Napoleon's OLD GUARD 💂‍♂️🇫🇷,"Feb 10, 2026",497,2
2026-03-20,srISYbsYp0k,HOW to JOIN Napoleon's OLD GUARD 💂‍♂️🇫🇷,"Feb 10, 2026",497,0
2026-03-21,srISYbsYp0k,HOW to JOIN Napoleon's OLD GUARD 💂‍♂️🇫🇷,"Feb 10, 2026",497,3
2026-03-22,srISYbsYp0k,HOW to JOIN Napoleon's OLD GUARD 💂‍♂️🇫🇷,"Feb 10, 2026",497,0
2026-03-23,srISYbsYp0k,HOW to JOIN Napoleon's OLD GUARD 💂‍♂️🇫🇷,"Feb 10, 2026",497,0
2026-03-24,srISYbsYp0k,HOW to JOIN Napoleon's OLD GUARD 💂‍♂️🇫🇷,"Feb 10, 2026",497,0
2026-03-25,srISYbsYp0k,HOW to JOIN Napoleon's OLD GUARD 💂‍♂️🇫🇷,"Feb 10, 2026",497,3
2026-03-26,srISYbsYp0k,HOW to JOIN Napoleon's OLD GUARD 💂‍♂️🇫🇷,"Feb 10, 2026",497,0
2026-03-27,srISYbsYp0k,HOW to JOIN Napoleon's OLD GUARD 💂‍♂️🇫🇷,"Feb 10, 2026",497,0
2026-03-28,srISYbsYp0k,HOW to JOIN Napoleon's OLD GUARD 💂‍♂️🇫🇷,"Feb 10, 2026",497,1
2026-03-29,srISYbsYp0k,HOW to JOIN Napoleon's OLD GUARD 💂‍♂️🇫🇷,"Feb 10, 2026",497,2
2026-03-30,srISYbsYp0k,HOW to JOIN Napoleon's OLD GUARD 💂‍♂️🇫🇷,"Feb 10, 2026",497,1
2026-03-31,srISYbsYp0k,HOW to JOIN Napoleon's OLD GUARD 💂‍♂️🇫🇷,"Feb 10, 2026",497,0
2026-04-01,srISYbsYp0k,HOW to JOIN Napoleon's OLD GUARD 💂‍♂️🇫🇷,"Feb 10, 2026",497,0
2026-04-02,srISYbsYp0k,HOW to JOIN Napoleon's OLD GUARD 💂‍♂️🇫🇷,"Feb 10, 2026",497,1
2026-04-03,srISYbsYp0k,HOW to JOIN Napoleon's OLD GUARD 💂‍♂️🇫🇷,"Feb 10, 2026",497,0
2026-04-04,srISYbsYp0k,HOW to JOIN Napoleon's OLD GUARD 💂‍♂️🇫🇷,"Feb 10, 2026",497,1
2026-04-05,srISYbsYp0k,HOW to JOIN Napoleon's OLD GUARD 💂‍♂️🇫🇷,"Feb 10, 2026",497,1
2026-04-06,srISYbsYp0k,HOW to JOIN Napoleon's OLD GUARD 💂‍♂️🇫🇷,"Feb 10, 2026",497,0
2026-04-07,srISYbsYp0k,HOW to JOIN Napoleon's OLD GUARD 💂‍♂️🇫🇷,"Feb 10, 2026",497,0
2026-04-08,srISYbsYp0k,HOW to JOIN Napoleon's OLD GUARD 💂‍♂️🇫🇷,"Feb 10, 2026",497,0
2026-01-09,u8Ltd_YYztM,Napoleon’s Cavalry ⚔️ Types of Cavalry 🐎,"Aug 25, 2025",323,16
2026-01-10,u8Ltd_YYztM,Napoleon’s Cavalry ⚔️ Types of Cavalry 🐎,"Aug 25, 2025",323,26
2026-01-11,u8Ltd_YYztM,Napoleon’s Cavalry ⚔️ Types of Cavalry 🐎,"Aug 25, 2025",323,23
2026-01-12,u8Ltd_YYztM,Napoleon’s Cavalry ⚔️ Types of Cavalry 🐎,"Aug 25, 2025",323,23
2026-01-13,u8Ltd_YYztM,Napoleon’s Cavalry ⚔️ Types of Cavalry 🐎,"Aug 25, 2025",323,27
2026-01-14,u8Ltd_YYztM,Napoleon’s Cavalry ⚔️ Types of Cavalry 🐎,"Aug 25, 2025",323,35
2026-01-15,u8Ltd_YYztM,Napoleon’s Cavalry ⚔️ Types of Cavalry 🐎,"Aug 25, 2025",323,26
2026-01-16,u8Ltd_YYztM,Napoleon’s Cavalry ⚔️ Types of Cavalry 🐎,"Aug 25, 2025",323,28
2026-01-17,u8Ltd_YYztM,Napoleon’s Cavalry ⚔️ Types of Cavalry 🐎,"Aug 25, 2025",323,39
2026-01-18,u8Ltd_YYztM,Napoleon’s Cavalry ⚔️ Types of Cavalry 🐎,"Aug 25, 2025",323,37
2026-01-19,u8Ltd_YYztM,Napoleon’s Cavalry ⚔️ Types of Cavalry 🐎,"Aug 25, 2025",323,41
2026-01-20,u8Ltd_YYztM,Napoleon’s Cavalry ⚔️ Types of Cavalry 🐎,"Aug 25, 2025",323,24
2026-01-21,u8Ltd_YYztM,Napoleon’s Cavalry ⚔️ Types of Cavalry 🐎,"Aug 25, 2025",323,26
2026-01-22,u8Ltd_YYztM,Napoleon’s Cavalry ⚔️ Types of Cavalry 🐎,"Aug 25, 2025",323,17
2026-01-23,u8Ltd_YYztM,Napoleon’s Cavalry ⚔️ Types of Cavalry 🐎,"Aug 25, 2025",323,28
2026-01-24,u8Ltd_YYztM,Napoleon’s Cavalry ⚔️ Types of Cavalry 🐎,"Aug 25, 2025",323,23
2026-01-25,u8Ltd_YYztM,Napoleon’s Cavalry ⚔️ Types of Cavalry 🐎,"Aug 25, 2025",323,52
2026-01-26,u8Ltd_YYztM,Napoleon’s Cavalry ⚔️ Types of Cavalry 🐎,"Aug 25, 2025",323,34
2026-01-27,u8Ltd_YYztM,Napoleon’s Cavalry ⚔️ Types of Cavalry 🐎,"Aug 25, 2025",323,29
2026-01-28,u8Ltd_YYztM,Napoleon’s Cavalry ⚔️ Types of Cavalry 🐎,"Aug 25, 2025",323,30
2026-01-29,u8Ltd_YYztM,Napoleon’s Cavalry ⚔️ Types of Cavalry 🐎,"Aug 25, 2025",323,17
2026-01-30,u8Ltd_YYztM,Napoleon’s Cavalry ⚔️ Types of Cavalry 🐎,"Aug 25, 2025",323,26
2026-01-31,u8Ltd_YYztM,Napoleon’s Cavalry ⚔️ Types of Cavalry 🐎,"Aug 25, 2025",323,33
2026-02-01,u8Ltd_YYztM,Napoleon’s Cavalry ⚔️ Types of Cavalry 🐎,"Aug 25, 2025",323,40
2026-02-02,u8Ltd_YYztM,Napoleon’s Cavalry ⚔️ Types of Cavalry 🐎,"Aug 25, 2025",323,27
2026-02-03,u8Ltd_YYztM,Napoleon’s Cavalry ⚔️ Types of Cavalry 🐎,"Aug 25, 2025",323,40
2026-02-04,u8Ltd_YYztM,Napoleon’s Cavalry ⚔️ Types of Cavalry 🐎,"Aug 25, 2025",323,32
2026-02-05,u8Ltd_YYztM,Napoleon’s Cavalry ⚔️ Types of Cavalry 🐎,"Aug 25, 2025",323,66
2026-02-06,u8Ltd_YYztM,Napoleon’s Cavalry ⚔️ Types of Cavalry 🐎,"Aug 25, 2025",323,32
2026-02-07,u8Ltd_YYztM,Napoleon’s Cavalry ⚔️ Types of Cavalry 🐎,"Aug 25, 2025",323,32
2026-02-08,u8Ltd_YYztM,Napoleon’s Cavalry ⚔️ Types of Cavalry 🐎,"Aug 25, 2025",323,23
2026-02-09,u8Ltd_YYztM,Napoleon’s Cavalry ⚔️ Types of Cavalry 🐎,"Aug 25, 2025",323,32
2026-02-10,u8Ltd_YYztM,Napoleon’s Cavalry ⚔️ Types of Cavalry 🐎,"Aug 25, 2025",323,30
2026-02-11,u8Ltd_YYztM,Napoleon’s Cavalry ⚔️ Types of Cavalry 🐎,"Aug 25, 2025",323,27
2026-02-12,u8Ltd_YYztM,Napoleon’s Cavalry ⚔️ Types of Cavalry 🐎,"Aug 25, 2025",323,18
2026-02-13,u8Ltd_YYztM,Napoleon’s Cavalry ⚔️ Types of Cavalry 🐎,"Aug 25, 2025",323,25
2026-02-14,u8Ltd_YYztM,Napoleon’s Cavalry ⚔️ Types of Cavalry 🐎,"Aug 25, 2025",323,18
2026-02-15,u8Ltd_YYztM,Napoleon’s Cavalry ⚔️ Types of Cavalry 🐎,"Aug 25, 2025",323,20
2026-02-16,u8Ltd_YYztM,Napoleon’s Cavalry ⚔️ Types of Cavalry 🐎,"Aug 25, 2025",323,23
2026-02-17,u8Ltd_YYztM,Napoleon’s Cavalry ⚔️ Types of Cavalry 🐎,"Aug 25, 2025",323,20
2026-02-18,u8Ltd_YYztM,Napoleon’s Cavalry ⚔️ Types of Cavalry 🐎,"Aug 25, 2025",323,29
2026-02-19,u8Ltd_YYztM,Napoleon’s Cavalry ⚔️ Types of Cavalry 🐎,"Aug 25, 2025",323,20
2026-02-20,u8Ltd_YYztM,Napoleon’s Cavalry ⚔️ Types of Cavalry 🐎,"Aug 25, 2025",323,26
2026-02-21,u8Ltd_YYztM,Napoleon’s Cavalry ⚔️ Types of Cavalry 🐎,"Aug 25, 2025",323,26
2026-02-22,u8Ltd_YYztM,Napoleon’s Cavalry ⚔️ Types of Cavalry 🐎,"Aug 25, 2025",323,24
2026-02-23,u8Ltd_YYztM,Napoleon’s Cavalry ⚔️ Types of Cavalry 🐎,"Aug 25, 2025",323,19
2026-02-24,u8Ltd_YYztM,Napoleon’s Cavalry ⚔️ Types of Cavalry 🐎,"Aug 25, 2025",323,20
2026-02-25,u8Ltd_YYztM,Napoleon’s Cavalry ⚔️ Types of Cavalry 🐎,"Aug 25, 2025",323,18
2026-02-26,u8Ltd_YYztM,Napoleon’s Cavalry ⚔️ Types of Cavalry 🐎,"Aug 25, 2025",323,16
2026-02-27,u8Ltd_YYztM,Napoleon’s Cavalry ⚔️ Types of Cavalry 🐎,"Aug 25, 2025",323,14
2026-02-28,u8Ltd_YYztM,Napoleon’s Cavalry ⚔️ Types of Cavalry 🐎,"Aug 25, 2025",323,14
2026-03-01,u8Ltd_YYztM,Napoleon’s Cavalry ⚔️ Types of Cavalry 🐎,"Aug 25, 2025",323,10
2026-03-02,u8Ltd_YYztM,Napoleon’s Cavalry ⚔️ Types of Cavalry 🐎,"Aug 25, 2025",323,15
2026-03-03,u8Ltd_YYztM,Napoleon’s Cavalry ⚔️ Types of Cavalry 🐎,"Aug 25, 2025",323,13
2026-03-04,u8Ltd_YYztM,Napoleon’s Cavalry ⚔️ Types of Cavalry 🐎,"Aug 25, 2025",323,18
2026-03-05,u8Ltd_YYztM,Napoleon’s Cavalry ⚔️ Types of Cavalry 🐎,"Aug 25, 2025",323,17
2026-03-06,u8Ltd_YYztM,Napoleon’s Cavalry ⚔️ Types of Cavalry 🐎,"Aug 25, 2025",323,13
2026-03-07,u8Ltd_YYztM,Napoleon’s Cavalry ⚔️ Types of Cavalry 🐎,"Aug 25, 2025",323,17
2026-03-08,u8Ltd_YYztM,Napoleon’s Cavalry ⚔️ Types of Cavalry 🐎,"Aug 25, 2025",323,15
2026-03-09,u8Ltd_YYztM,Napoleon’s Cavalry ⚔️ Types of Cavalry 🐎,"Aug 25, 2025",323,43
2026-03-10,u8Ltd_YYztM,Napoleon’s Cavalry ⚔️ Types of Cavalry 🐎,"Aug 25, 2025",323,18
2026-03-11,u8Ltd_YYztM,Napoleon’s Cavalry ⚔️ Types of Cavalry 🐎,"Aug 25, 2025",323,15
2026-03-12,u8Ltd_YYztM,Napoleon’s Cavalry ⚔️ Types of Cavalry 🐎,"Aug 25, 2025",323,15
2026-03-13,u8Ltd_YYztM,Napoleon’s Cavalry ⚔️ Types of Cavalry 🐎,"Aug 25, 2025",323,11
2026-03-14,u8Ltd_YYztM,Napoleon’s Cavalry ⚔️ Types of Cavalry 🐎,"Aug 25, 2025",323,20
2026-03-15,u8Ltd_YYztM,Napoleon’s Cavalry ⚔️ Types of Cavalry 🐎,"Aug 25, 2025",323,10
2026-03-16,u8Ltd_YYztM,Napoleon’s Cavalry ⚔️ Types of Cavalry 🐎,"Aug 25, 2025",323,8
2026-03-17,u8Ltd_YYztM,Napoleon’s Cavalry ⚔️ Types of Cavalry 🐎,"Aug 25, 2025",323,7
2026-03-18,u8Ltd_YYztM,Napoleon’s Cavalry ⚔️ Types of Cavalry 🐎,"Aug 25, 2025",323,8
2026-03-19,u8Ltd_YYztM,Napoleon’s Cavalry ⚔️ Types of Cavalry 🐎,"Aug 25, 2025",323,12
2026-03-20,u8Ltd_YYztM,Napoleon’s Cavalry ⚔️ Types of Cavalry 🐎,"Aug 25, 2025",323,12
2026-03-21,u8Ltd_YYztM,Napoleon’s Cavalry ⚔️ Types of Cavalry 🐎,"Aug 25, 2025",323,9
2026-03-22,u8Ltd_YYztM,Napoleon’s Cavalry ⚔️ Types of Cavalry 🐎,"Aug 25, 2025",323,8
2026-03-23,u8Ltd_YYztM,Napoleon’s Cavalry ⚔️ Types of Cavalry 🐎,"Aug 25, 2025",323,10
2026-03-24,u8Ltd_YYztM,Napoleon’s Cavalry ⚔️ Types of Cavalry 🐎,"Aug 25, 2025",323,12
2026-03-25,u8Ltd_YYztM,Napoleon’s Cavalry ⚔️ Types of Cavalry 🐎,"Aug 25, 2025",323,12
2026-03-26,u8Ltd_YYztM,Napoleon’s Cavalry ⚔️ Types of Cavalry 🐎,"Aug 25, 2025",323,12
2026-03-27,u8Ltd_YYztM,Napoleon’s Cavalry ⚔️ Types of Cavalry 🐎,"Aug 25, 2025",323,19
2026-03-28,u8Ltd_YYztM,Napoleon’s Cavalry ⚔️ Types of Cavalry 🐎,"Aug 25, 2025",323,21
2026-03-29,u8Ltd_YYztM,Napoleon’s Cavalry ⚔️ Types of Cavalry 🐎,"Aug 25, 2025",323,27
2026-03-30,u8Ltd_YYztM,Napoleon’s Cavalry ⚔️ Types of Cavalry 🐎,"Aug 25, 2025",323,10
2026-03-31,u8Ltd_YYztM,Napoleon’s Cavalry ⚔️ Types of Cavalry 🐎,"Aug 25, 2025",323,11
2026-04-01,u8Ltd_YYztM,Napoleon’s Cavalry ⚔️ Types of Cavalry 🐎,"Aug 25, 2025",323,8
2026-04-02,u8Ltd_YYztM,Napoleon’s Cavalry ⚔️ Types of Cavalry 🐎,"Aug 25, 2025",323,11
2026-04-03,u8Ltd_YYztM,Napoleon’s Cavalry ⚔️ Types of Cavalry 🐎,"Aug 25, 2025",323,11
2026-04-04,u8Ltd_YYztM,Napoleon’s Cavalry ⚔️ Types of Cavalry 🐎,"Aug 25, 2025",323,15
2026-04-05,u8Ltd_YYztM,Napoleon’s Cavalry ⚔️ Types of Cavalry 🐎,"Aug 25, 2025",323,8
2026-04-06,u8Ltd_YYztM,Napoleon’s Cavalry ⚔️ Types of Cavalry 🐎,"Aug 25, 2025",323,7
2026-04-07,u8Ltd_YYztM,Napoleon’s Cavalry ⚔️ Types of Cavalry 🐎,"Aug 25, 2025",323,6
2026-04-08,u8Ltd_YYztM,Napoleon’s Cavalry ⚔️ Types of Cavalry 🐎,"Aug 25, 2025",323,5
