Date,Content,Video title,Video publish time,Duration,Estimated revenue (USD)
2026-01-09,69FnVhqdsxQ,The Old Guard: Giants of War рҹҮ«рҹҮ·,"Feb 8, 2026",80,0
2026-01-10,69FnVhqdsxQ,The Old Guard: Giants of War рҹҮ«рҹҮ·,"Feb 8, 2026",80,0
2026-01-11,69FnVhqdsxQ,The Old Guard: Giants of War рҹҮ«рҹҮ·,"Feb 8, 2026",80,0
2026-01-12,69FnVhqdsxQ,The Old Guard: Giants of War рҹҮ«рҹҮ·,"Feb 8, 2026",80,0
2026-01-13,69FnVhqdsxQ,The Old Guard: Giants of War рҹҮ«рҹҮ·,"Feb 8, 2026",80,0
2026-01-14,69FnVhqdsxQ,The Old Guard: Giants of War рҹҮ«рҹҮ·,"Feb 8, 2026",80,0
2026-01-15,69FnVhqdsxQ,The Old Guard: Giants of War рҹҮ«рҹҮ·,"Feb 8, 2026",80,0
2026-01-16,69FnVhqdsxQ,The Old Guard: Giants of War рҹҮ«рҹҮ·,"Feb 8, 2026",80,0
2026-01-17,69FnVhqdsxQ,The Old Guard: Giants of War рҹҮ«рҹҮ·,"Feb 8, 2026",80,0
2026-01-18,69FnVhqdsxQ,The Old Guard: Giants of War рҹҮ«рҹҮ·,"Feb 8, 2026",80,0
2026-01-19,69FnVhqdsxQ,The Old Guard: Giants of War рҹҮ«рҹҮ·,"Feb 8, 2026",80,0
2026-01-20,69FnVhqdsxQ,The Old Guard: Giants of War рҹҮ«рҹҮ·,"Feb 8, 2026",80,0
2026-01-21,69FnVhqdsxQ,The Old Guard: Giants of War рҹҮ«рҹҮ·,"Feb 8, 2026",80,0
2026-01-22,69FnVhqdsxQ,The Old Guard: Giants of War рҹҮ«рҹҮ·,"Feb 8, 2026",80,0
2026-01-23,69FnVhqdsxQ,The Old Guard: Giants of War рҹҮ«рҹҮ·,"Feb 8, 2026",80,0
2026-01-24,69FnVhqdsxQ,The Old Guard: Giants of War рҹҮ«рҹҮ·,"Feb 8, 2026",80,0
2026-01-25,69FnVhqdsxQ,The Old Guard: Giants of War рҹҮ«рҹҮ·,"Feb 8, 2026",80,0
2026-01-26,69FnVhqdsxQ,The Old Guard: Giants of War рҹҮ«рҹҮ·,"Feb 8, 2026",80,0
2026-01-27,69FnVhqdsxQ,The Old Guard: Giants of War рҹҮ«рҹҮ·,"Feb 8, 2026",80,0
2026-01-28,69FnVhqdsxQ,The Old Guard: Giants of War рҹҮ«рҹҮ·,"Feb 8, 2026",80,0
2026-01-29,69FnVhqdsxQ,The Old Guard: Giants of War рҹҮ«рҹҮ·,"Feb 8, 2026",80,0
2026-01-30,69FnVhqdsxQ,The Old Guard: Giants of War рҹҮ«рҹҮ·,"Feb 8, 2026",80,0
2026-01-31,69FnVhqdsxQ,The Old Guard: Giants of War рҹҮ«рҹҮ·,"Feb 8, 2026",80,0
2026-02-01,69FnVhqdsxQ,The Old Guard: Giants of War рҹҮ«рҹҮ·,"Feb 8, 2026",80,0
2026-02-02,69FnVhqdsxQ,The Old Guard: Giants of War рҹҮ«рҹҮ·,"Feb 8, 2026",80,0
2026-02-03,69FnVhqdsxQ,The Old Guard: Giants of War рҹҮ«рҹҮ·,"Feb 8, 2026",80,0
2026-02-04,69FnVhqdsxQ,The Old Guard: Giants of War рҹҮ«рҹҮ·,"Feb 8, 2026",80,0
2026-02-05,69FnVhqdsxQ,The Old Guard: Giants of War рҹҮ«рҹҮ·,"Feb 8, 2026",80,0
2026-02-06,69FnVhqdsxQ,The Old Guard: Giants of War рҹҮ«рҹҮ·,"Feb 8, 2026",80,0
2026-02-07,69FnVhqdsxQ,The Old Guard: Giants of War рҹҮ«рҹҮ·,"Feb 8, 2026",80,0
2026-02-08,69FnVhqdsxQ,The Old Guard: Giants of War рҹҮ«рҹҮ·,"Feb 8, 2026",80,0.363
2026-02-09,69FnVhqdsxQ,The Old Guard: Giants of War рҹҮ«рҹҮ·,"Feb 8, 2026",80,0.141
2026-02-10,69FnVhqdsxQ,The Old Guard: Giants of War рҹҮ«рҹҮ·,"Feb 8, 2026",80,0.021
2026-02-11,69FnVhqdsxQ,The Old Guard: Giants of War рҹҮ«рҹҮ·,"Feb 8, 2026",80,0.103
2026-02-12,69FnVhqdsxQ,The Old Guard: Giants of War рҹҮ«рҹҮ·,"Feb 8, 2026",80,0.151
2026-02-13,69FnVhqdsxQ,The Old Guard: Giants of War рҹҮ«рҹҮ·,"Feb 8, 2026",80,0.163
2026-02-14,69FnVhqdsxQ,The Old Guard: Giants of War рҹҮ«рҹҮ·,"Feb 8, 2026",80,0.035
2026-02-15,69FnVhqdsxQ,The Old Guard: Giants of War рҹҮ«рҹҮ·,"Feb 8, 2026",80,0.218
2026-02-16,69FnVhqdsxQ,The Old Guard: Giants of War рҹҮ«рҹҮ·,"Feb 8, 2026",80,0.036
2026-02-17,69FnVhqdsxQ,The Old Guard: Giants of War рҹҮ«рҹҮ·,"Feb 8, 2026",80,0.01
2026-02-18,69FnVhqdsxQ,The Old Guard: Giants of War рҹҮ«рҹҮ·,"Feb 8, 2026",80,0.016
2026-02-19,69FnVhqdsxQ,The Old Guard: Giants of War рҹҮ«рҹҮ·,"Feb 8, 2026",80,0.009
2026-02-20,69FnVhqdsxQ,The Old Guard: Giants of War рҹҮ«рҹҮ·,"Feb 8, 2026",80,0.005
2026-02-21,69FnVhqdsxQ,The Old Guard: Giants of War рҹҮ«рҹҮ·,"Feb 8, 2026",80,0.005
2026-02-22,69FnVhqdsxQ,The Old Guard: Giants of War рҹҮ«рҹҮ·,"Feb 8, 2026",80,0.006
2026-02-23,69FnVhqdsxQ,The Old Guard: Giants of War рҹҮ«рҹҮ·,"Feb 8, 2026",80,0.002
2026-02-24,69FnVhqdsxQ,The Old Guard: Giants of War рҹҮ«рҹҮ·,"Feb 8, 2026",80,0.002
2026-02-25,69FnVhqdsxQ,The Old Guard: Giants of War рҹҮ«рҹҮ·,"Feb 8, 2026",80,0.004
2026-02-26,69FnVhqdsxQ,The Old Guard: Giants of War рҹҮ«рҹҮ·,"Feb 8, 2026",80,0.002
2026-02-27,69FnVhqdsxQ,The Old Guard: Giants of War рҹҮ«рҹҮ·,"Feb 8, 2026",80,0.003
2026-02-28,69FnVhqdsxQ,The Old Guard: Giants of War рҹҮ«рҹҮ·,"Feb 8, 2026",80,0.003
2026-03-01,69FnVhqdsxQ,The Old Guard: Giants of War рҹҮ«рҹҮ·,"Feb 8, 2026",80,0.003
2026-03-02,69FnVhqdsxQ,The Old Guard: Giants of War рҹҮ«рҹҮ·,"Feb 8, 2026",80,0.001
2026-03-03,69FnVhqdsxQ,The Old Guard: Giants of War рҹҮ«рҹҮ·,"Feb 8, 2026",80,0.001
2026-03-04,69FnVhqdsxQ,The Old Guard: Giants of War рҹҮ«рҹҮ·,"Feb 8, 2026",80,0.002
2026-03-05,69FnVhqdsxQ,The Old Guard: Giants of War рҹҮ«рҹҮ·,"Feb 8, 2026",80,0.002
2026-03-06,69FnVhqdsxQ,The Old Guard: Giants of War рҹҮ«рҹҮ·,"Feb 8, 2026",80,0.002
2026-03-07,69FnVhqdsxQ,The Old Guard: Giants of War рҹҮ«рҹҮ·,"Feb 8, 2026",80,0.001
2026-03-08,69FnVhqdsxQ,The Old Guard: Giants of War рҹҮ«рҹҮ·,"Feb 8, 2026",80,0.002
2026-03-09,69FnVhqdsxQ,The Old Guard: Giants of War рҹҮ«рҹҮ·,"Feb 8, 2026",80,0.001
2026-03-10,69FnVhqdsxQ,The Old Guard: Giants of War рҹҮ«рҹҮ·,"Feb 8, 2026",80,0.001
2026-03-11,69FnVhqdsxQ,The Old Guard: Giants of War рҹҮ«рҹҮ·,"Feb 8, 2026",80,0.001
2026-03-12,69FnVhqdsxQ,The Old Guard: Giants of War рҹҮ«рҹҮ·,"Feb 8, 2026",80,0.001
2026-03-13,69FnVhqdsxQ,The Old Guard: Giants of War рҹҮ«рҹҮ·,"Feb 8, 2026",80,0.001
2026-03-14,69FnVhqdsxQ,The Old Guard: Giants of War рҹҮ«рҹҮ·,"Feb 8, 2026",80,0.001
2026-03-15,69FnVhqdsxQ,The Old Guard: Giants of War рҹҮ«рҹҮ·,"Feb 8, 2026",80,0.001
2026-03-16,69FnVhqdsxQ,The Old Guard: Giants of War рҹҮ«рҹҮ·,"Feb 8, 2026",80,0.002
2026-03-17,69FnVhqdsxQ,The Old Guard: Giants of War рҹҮ«рҹҮ·,"Feb 8, 2026",80,0
2026-03-18,69FnVhqdsxQ,The Old Guard: Giants of War рҹҮ«рҹҮ·,"Feb 8, 2026",80,0.002
2026-03-19,69FnVhqdsxQ,The Old Guard: Giants of War рҹҮ«рҹҮ·,"Feb 8, 2026",80,0.001
2026-03-20,69FnVhqdsxQ,The Old Guard: Giants of War рҹҮ«рҹҮ·,"Feb 8, 2026",80,0.001
2026-03-21,69FnVhqdsxQ,The Old Guard: Giants of War рҹҮ«рҹҮ·,"Feb 8, 2026",80,0.002
2026-03-22,69FnVhqdsxQ,The Old Guard: Giants of War рҹҮ«рҹҮ·,"Feb 8, 2026",80,0.001
2026-03-23,69FnVhqdsxQ,The Old Guard: Giants of War рҹҮ«рҹҮ·,"Feb 8, 2026",80,0.001
2026-03-24,69FnVhqdsxQ,The Old Guard: Giants of War рҹҮ«рҹҮ·,"Feb 8, 2026",80,0.002
2026-03-25,69FnVhqdsxQ,The Old Guard: Giants of War рҹҮ«рҹҮ·,"Feb 8, 2026",80,0
2026-03-26,69FnVhqdsxQ,The Old Guard: Giants of War рҹҮ«рҹҮ·,"Feb 8, 2026",80,0
2026-03-27,69FnVhqdsxQ,The Old Guard: Giants of War рҹҮ«рҹҮ·,"Feb 8, 2026",80,0
2026-03-28,69FnVhqdsxQ,The Old Guard: Giants of War рҹҮ«рҹҮ·,"Feb 8, 2026",80,0.001
2026-03-29,69FnVhqdsxQ,The Old Guard: Giants of War рҹҮ«рҹҮ·,"Feb 8, 2026",80,0.001
2026-03-30,69FnVhqdsxQ,The Old Guard: Giants of War рҹҮ«рҹҮ·,"Feb 8, 2026",80,0.002
2026-03-31,69FnVhqdsxQ,The Old Guard: Giants of War рҹҮ«рҹҮ·,"Feb 8, 2026",80,0.001
2026-04-01,69FnVhqdsxQ,The Old Guard: Giants of War рҹҮ«рҹҮ·,"Feb 8, 2026",80,0.001
2026-04-02,69FnVhqdsxQ,The Old Guard: Giants of War рҹҮ«рҹҮ·,"Feb 8, 2026",80,0
2026-04-03,69FnVhqdsxQ,The Old Guard: Giants of War рҹҮ«рҹҮ·,"Feb 8, 2026",80,0
2026-04-04,69FnVhqdsxQ,The Old Guard: Giants of War рҹҮ«рҹҮ·,"Feb 8, 2026",80,0
2026-04-05,69FnVhqdsxQ,The Old Guard: Giants of War рҹҮ«рҹҮ·,"Feb 8, 2026",80,0
2026-04-06,69FnVhqdsxQ,The Old Guard: Giants of War рҹҮ«рҹҮ·,"Feb 8, 2026",80,0.001
2026-04-07,69FnVhqdsxQ,The Old Guard: Giants of War рҹҮ«рҹҮ·,"Feb 8, 2026",80,0
2026-04-08,69FnVhqdsxQ,The Old Guard: Giants of War рҹҮ«рҹҮ·,"Feb 8, 2026",80,0
2026-01-09,8Vau9h_A8UU,рҹ’Җ Black Brunswickers рҹҸҙвҖҚвҳ пёҸ LEGION of DEATH,"Feb 16, 2026",98,0
2026-01-10,8Vau9h_A8UU,рҹ’Җ Black Brunswickers рҹҸҙвҖҚвҳ пёҸ LEGION of DEATH,"Feb 16, 2026",98,0
2026-01-11,8Vau9h_A8UU,рҹ’Җ Black Brunswickers рҹҸҙвҖҚвҳ пёҸ LEGION of DEATH,"Feb 16, 2026",98,0
2026-01-12,8Vau9h_A8UU,рҹ’Җ Black Brunswickers рҹҸҙвҖҚвҳ пёҸ LEGION of DEATH,"Feb 16, 2026",98,0
2026-01-13,8Vau9h_A8UU,рҹ’Җ Black Brunswickers рҹҸҙвҖҚвҳ пёҸ LEGION of DEATH,"Feb 16, 2026",98,0
2026-01-14,8Vau9h_A8UU,рҹ’Җ Black Brunswickers рҹҸҙвҖҚвҳ пёҸ LEGION of DEATH,"Feb 16, 2026",98,0
2026-01-15,8Vau9h_A8UU,рҹ’Җ Black Brunswickers рҹҸҙвҖҚвҳ пёҸ LEGION of DEATH,"Feb 16, 2026",98,0
2026-01-16,8Vau9h_A8UU,рҹ’Җ Black Brunswickers рҹҸҙвҖҚвҳ пёҸ LEGION of DEATH,"Feb 16, 2026",98,0
2026-01-17,8Vau9h_A8UU,рҹ’Җ Black Brunswickers рҹҸҙвҖҚвҳ пёҸ LEGION of DEATH,"Feb 16, 2026",98,0
2026-01-18,8Vau9h_A8UU,рҹ’Җ Black Brunswickers рҹҸҙвҖҚвҳ пёҸ LEGION of DEATH,"Feb 16, 2026",98,0
2026-01-19,8Vau9h_A8UU,рҹ’Җ Black Brunswickers рҹҸҙвҖҚвҳ пёҸ LEGION of DEATH,"Feb 16, 2026",98,0
2026-01-20,8Vau9h_A8UU,рҹ’Җ Black Brunswickers рҹҸҙвҖҚвҳ пёҸ LEGION of DEATH,"Feb 16, 2026",98,0
2026-01-21,8Vau9h_A8UU,рҹ’Җ Black Brunswickers рҹҸҙвҖҚвҳ пёҸ LEGION of DEATH,"Feb 16, 2026",98,0
2026-01-22,8Vau9h_A8UU,рҹ’Җ Black Brunswickers рҹҸҙвҖҚвҳ пёҸ LEGION of DEATH,"Feb 16, 2026",98,0
2026-01-23,8Vau9h_A8UU,рҹ’Җ Black Brunswickers рҹҸҙвҖҚвҳ пёҸ LEGION of DEATH,"Feb 16, 2026",98,0
2026-01-24,8Vau9h_A8UU,рҹ’Җ Black Brunswickers рҹҸҙвҖҚвҳ пёҸ LEGION of DEATH,"Feb 16, 2026",98,0
2026-01-25,8Vau9h_A8UU,рҹ’Җ Black Brunswickers рҹҸҙвҖҚвҳ пёҸ LEGION of DEATH,"Feb 16, 2026",98,0
2026-01-26,8Vau9h_A8UU,рҹ’Җ Black Brunswickers рҹҸҙвҖҚвҳ пёҸ LEGION of DEATH,"Feb 16, 2026",98,0
2026-01-27,8Vau9h_A8UU,рҹ’Җ Black Brunswickers рҹҸҙвҖҚвҳ пёҸ LEGION of DEATH,"Feb 16, 2026",98,0
2026-01-28,8Vau9h_A8UU,рҹ’Җ Black Brunswickers рҹҸҙвҖҚвҳ пёҸ LEGION of DEATH,"Feb 16, 2026",98,0
2026-01-29,8Vau9h_A8UU,рҹ’Җ Black Brunswickers рҹҸҙвҖҚвҳ пёҸ LEGION of DEATH,"Feb 16, 2026",98,0
2026-01-30,8Vau9h_A8UU,рҹ’Җ Black Brunswickers рҹҸҙвҖҚвҳ пёҸ LEGION of DEATH,"Feb 16, 2026",98,0
2026-01-31,8Vau9h_A8UU,рҹ’Җ Black Brunswickers рҹҸҙвҖҚвҳ пёҸ LEGION of DEATH,"Feb 16, 2026",98,0
2026-02-01,8Vau9h_A8UU,рҹ’Җ Black Brunswickers рҹҸҙвҖҚвҳ пёҸ LEGION of DEATH,"Feb 16, 2026",98,0
2026-02-02,8Vau9h_A8UU,рҹ’Җ Black Brunswickers рҹҸҙвҖҚвҳ пёҸ LEGION of DEATH,"Feb 16, 2026",98,0
2026-02-03,8Vau9h_A8UU,рҹ’Җ Black Brunswickers рҹҸҙвҖҚвҳ пёҸ LEGION of DEATH,"Feb 16, 2026",98,0
2026-02-04,8Vau9h_A8UU,рҹ’Җ Black Brunswickers рҹҸҙвҖҚвҳ пёҸ LEGION of DEATH,"Feb 16, 2026",98,0
2026-02-05,8Vau9h_A8UU,рҹ’Җ Black Brunswickers рҹҸҙвҖҚвҳ пёҸ LEGION of DEATH,"Feb 16, 2026",98,0
2026-02-06,8Vau9h_A8UU,рҹ’Җ Black Brunswickers рҹҸҙвҖҚвҳ пёҸ LEGION of DEATH,"Feb 16, 2026",98,0
2026-02-07,8Vau9h_A8UU,рҹ’Җ Black Brunswickers рҹҸҙвҖҚвҳ пёҸ LEGION of DEATH,"Feb 16, 2026",98,0
2026-02-08,8Vau9h_A8UU,рҹ’Җ Black Brunswickers рҹҸҙвҖҚвҳ пёҸ LEGION of DEATH,"Feb 16, 2026",98,0
2026-02-09,8Vau9h_A8UU,рҹ’Җ Black Brunswickers рҹҸҙвҖҚвҳ пёҸ LEGION of DEATH,"Feb 16, 2026",98,0
2026-02-10,8Vau9h_A8UU,рҹ’Җ Black Brunswickers рҹҸҙвҖҚвҳ пёҸ LEGION of DEATH,"Feb 16, 2026",98,0
2026-02-11,8Vau9h_A8UU,рҹ’Җ Black Brunswickers рҹҸҙвҖҚвҳ пёҸ LEGION of DEATH,"Feb 16, 2026",98,0
2026-02-12,8Vau9h_A8UU,рҹ’Җ Black Brunswickers рҹҸҙвҖҚвҳ пёҸ LEGION of DEATH,"Feb 16, 2026",98,0
2026-02-13,8Vau9h_A8UU,рҹ’Җ Black Brunswickers рҹҸҙвҖҚвҳ пёҸ LEGION of DEATH,"Feb 16, 2026",98,0
2026-02-14,8Vau9h_A8UU,рҹ’Җ Black Brunswickers рҹҸҙвҖҚвҳ пёҸ LEGION of DEATH,"Feb 16, 2026",98,0
2026-02-15,8Vau9h_A8UU,рҹ’Җ Black Brunswickers рҹҸҙвҖҚвҳ пёҸ LEGION of DEATH,"Feb 16, 2026",98,0.167
2026-02-16,8Vau9h_A8UU,рҹ’Җ Black Brunswickers рҹҸҙвҖҚвҳ пёҸ LEGION of DEATH,"Feb 16, 2026",98,0.383
2026-02-17,8Vau9h_A8UU,рҹ’Җ Black Brunswickers рҹҸҙвҖҚвҳ пёҸ LEGION of DEATH,"Feb 16, 2026",98,0.203
2026-02-18,8Vau9h_A8UU,рҹ’Җ Black Brunswickers рҹҸҙвҖҚвҳ пёҸ LEGION of DEATH,"Feb 16, 2026",98,0.066
2026-02-19,8Vau9h_A8UU,рҹ’Җ Black Brunswickers рҹҸҙвҖҚвҳ пёҸ LEGION of DEATH,"Feb 16, 2026",98,0.016
2026-02-20,8Vau9h_A8UU,рҹ’Җ Black Brunswickers рҹҸҙвҖҚвҳ пёҸ LEGION of DEATH,"Feb 16, 2026",98,0.013
2026-02-21,8Vau9h_A8UU,рҹ’Җ Black Brunswickers рҹҸҙвҖҚвҳ пёҸ LEGION of DEATH,"Feb 16, 2026",98,0.014
2026-02-22,8Vau9h_A8UU,рҹ’Җ Black Brunswickers рҹҸҙвҖҚвҳ пёҸ LEGION of DEATH,"Feb 16, 2026",98,0.01
2026-02-23,8Vau9h_A8UU,рҹ’Җ Black Brunswickers рҹҸҙвҖҚвҳ пёҸ LEGION of DEATH,"Feb 16, 2026",98,0.002
2026-02-24,8Vau9h_A8UU,рҹ’Җ Black Brunswickers рҹҸҙвҖҚвҳ пёҸ LEGION of DEATH,"Feb 16, 2026",98,0.004
2026-02-25,8Vau9h_A8UU,рҹ’Җ Black Brunswickers рҹҸҙвҖҚвҳ пёҸ LEGION of DEATH,"Feb 16, 2026",98,0.004
2026-02-26,8Vau9h_A8UU,рҹ’Җ Black Brunswickers рҹҸҙвҖҚвҳ пёҸ LEGION of DEATH,"Feb 16, 2026",98,0.003
2026-02-27,8Vau9h_A8UU,рҹ’Җ Black Brunswickers рҹҸҙвҖҚвҳ пёҸ LEGION of DEATH,"Feb 16, 2026",98,0.003
2026-02-28,8Vau9h_A8UU,рҹ’Җ Black Brunswickers рҹҸҙвҖҚвҳ пёҸ LEGION of DEATH,"Feb 16, 2026",98,0.004
2026-03-01,8Vau9h_A8UU,рҹ’Җ Black Brunswickers рҹҸҙвҖҚвҳ пёҸ LEGION of DEATH,"Feb 16, 2026",98,0.003
2026-03-02,8Vau9h_A8UU,рҹ’Җ Black Brunswickers рҹҸҙвҖҚвҳ пёҸ LEGION of DEATH,"Feb 16, 2026",98,0.003
2026-03-03,8Vau9h_A8UU,рҹ’Җ Black Brunswickers рҹҸҙвҖҚвҳ пёҸ LEGION of DEATH,"Feb 16, 2026",98,0.003
2026-03-04,8Vau9h_A8UU,рҹ’Җ Black Brunswickers рҹҸҙвҖҚвҳ пёҸ LEGION of DEATH,"Feb 16, 2026",98,0.002
2026-03-05,8Vau9h_A8UU,рҹ’Җ Black Brunswickers рҹҸҙвҖҚвҳ пёҸ LEGION of DEATH,"Feb 16, 2026",98,0.001
2026-03-06,8Vau9h_A8UU,рҹ’Җ Black Brunswickers рҹҸҙвҖҚвҳ пёҸ LEGION of DEATH,"Feb 16, 2026",98,0.001
2026-03-07,8Vau9h_A8UU,рҹ’Җ Black Brunswickers рҹҸҙвҖҚвҳ пёҸ LEGION of DEATH,"Feb 16, 2026",98,0.001
2026-03-08,8Vau9h_A8UU,рҹ’Җ Black Brunswickers рҹҸҙвҖҚвҳ пёҸ LEGION of DEATH,"Feb 16, 2026",98,0
2026-03-09,8Vau9h_A8UU,рҹ’Җ Black Brunswickers рҹҸҙвҖҚвҳ пёҸ LEGION of DEATH,"Feb 16, 2026",98,0
2026-03-10,8Vau9h_A8UU,рҹ’Җ Black Brunswickers рҹҸҙвҖҚвҳ пёҸ LEGION of DEATH,"Feb 16, 2026",98,0
2026-03-11,8Vau9h_A8UU,рҹ’Җ Black Brunswickers рҹҸҙвҖҚвҳ пёҸ LEGION of DEATH,"Feb 16, 2026",98,0
2026-03-12,8Vau9h_A8UU,рҹ’Җ Black Brunswickers рҹҸҙвҖҚвҳ пёҸ LEGION of DEATH,"Feb 16, 2026",98,0
2026-03-13,8Vau9h_A8UU,рҹ’Җ Black Brunswickers рҹҸҙвҖҚвҳ пёҸ LEGION of DEATH,"Feb 16, 2026",98,0
2026-03-14,8Vau9h_A8UU,рҹ’Җ Black Brunswickers рҹҸҙвҖҚвҳ пёҸ LEGION of DEATH,"Feb 16, 2026",98,0
2026-03-15,8Vau9h_A8UU,рҹ’Җ Black Brunswickers рҹҸҙвҖҚвҳ пёҸ LEGION of DEATH,"Feb 16, 2026",98,0
2026-03-16,8Vau9h_A8UU,рҹ’Җ Black Brunswickers рҹҸҙвҖҚвҳ пёҸ LEGION of DEATH,"Feb 16, 2026",98,0
2026-03-17,8Vau9h_A8UU,рҹ’Җ Black Brunswickers рҹҸҙвҖҚвҳ пёҸ LEGION of DEATH,"Feb 16, 2026",98,0
2026-03-18,8Vau9h_A8UU,рҹ’Җ Black Brunswickers рҹҸҙвҖҚвҳ пёҸ LEGION of DEATH,"Feb 16, 2026",98,0
2026-03-19,8Vau9h_A8UU,рҹ’Җ Black Brunswickers рҹҸҙвҖҚвҳ пёҸ LEGION of DEATH,"Feb 16, 2026",98,0
2026-03-20,8Vau9h_A8UU,рҹ’Җ Black Brunswickers рҹҸҙвҖҚвҳ пёҸ LEGION of DEATH,"Feb 16, 2026",98,0
2026-03-21,8Vau9h_A8UU,рҹ’Җ Black Brunswickers рҹҸҙвҖҚвҳ пёҸ LEGION of DEATH,"Feb 16, 2026",98,0
2026-03-22,8Vau9h_A8UU,рҹ’Җ Black Brunswickers рҹҸҙвҖҚвҳ пёҸ LEGION of DEATH,"Feb 16, 2026",98,0
2026-03-23,8Vau9h_A8UU,рҹ’Җ Black Brunswickers рҹҸҙвҖҚвҳ пёҸ LEGION of DEATH,"Feb 16, 2026",98,0
2026-03-24,8Vau9h_A8UU,рҹ’Җ Black Brunswickers рҹҸҙвҖҚвҳ пёҸ LEGION of DEATH,"Feb 16, 2026",98,0
2026-03-25,8Vau9h_A8UU,рҹ’Җ Black Brunswickers рҹҸҙвҖҚвҳ пёҸ LEGION of DEATH,"Feb 16, 2026",98,0
2026-03-26,8Vau9h_A8UU,рҹ’Җ Black Brunswickers рҹҸҙвҖҚвҳ пёҸ LEGION of DEATH,"Feb 16, 2026",98,0
2026-03-27,8Vau9h_A8UU,рҹ’Җ Black Brunswickers рҹҸҙвҖҚвҳ пёҸ LEGION of DEATH,"Feb 16, 2026",98,0
2026-03-28,8Vau9h_A8UU,рҹ’Җ Black Brunswickers рҹҸҙвҖҚвҳ пёҸ LEGION of DEATH,"Feb 16, 2026",98,0
2026-03-29,8Vau9h_A8UU,рҹ’Җ Black Brunswickers рҹҸҙвҖҚвҳ пёҸ LEGION of DEATH,"Feb 16, 2026",98,0
2026-03-30,8Vau9h_A8UU,рҹ’Җ Black Brunswickers рҹҸҙвҖҚвҳ пёҸ LEGION of DEATH,"Feb 16, 2026",98,0
2026-03-31,8Vau9h_A8UU,рҹ’Җ Black Brunswickers рҹҸҙвҖҚвҳ пёҸ LEGION of DEATH,"Feb 16, 2026",98,0
2026-04-01,8Vau9h_A8UU,рҹ’Җ Black Brunswickers рҹҸҙвҖҚвҳ пёҸ LEGION of DEATH,"Feb 16, 2026",98,0
2026-04-02,8Vau9h_A8UU,рҹ’Җ Black Brunswickers рҹҸҙвҖҚвҳ пёҸ LEGION of DEATH,"Feb 16, 2026",98,0
2026-04-03,8Vau9h_A8UU,рҹ’Җ Black Brunswickers рҹҸҙвҖҚвҳ пёҸ LEGION of DEATH,"Feb 16, 2026",98,0
2026-04-04,8Vau9h_A8UU,рҹ’Җ Black Brunswickers рҹҸҙвҖҚвҳ пёҸ LEGION of DEATH,"Feb 16, 2026",98,0
2026-04-05,8Vau9h_A8UU,рҹ’Җ Black Brunswickers рҹҸҙвҖҚвҳ пёҸ LEGION of DEATH,"Feb 16, 2026",98,0
2026-04-06,8Vau9h_A8UU,рҹ’Җ Black Brunswickers рҹҸҙвҖҚвҳ пёҸ LEGION of DEATH,"Feb 16, 2026",98,0.001
2026-04-07,8Vau9h_A8UU,рҹ’Җ Black Brunswickers рҹҸҙвҖҚвҳ пёҸ LEGION of DEATH,"Feb 16, 2026",98,0
2026-04-08,8Vau9h_A8UU,рҹ’Җ Black Brunswickers рҹҸҙвҖҚвҳ пёҸ LEGION of DEATH,"Feb 16, 2026",98,0
2026-01-09,CoQRmFV-c68,Army of DEATH : Black Brunswickers вҳ пёҸвҡ”пёҸ,"Jan 26, 2026",108,0
2026-01-10,CoQRmFV-c68,Army of DEATH : Black Brunswickers вҳ пёҸвҡ”пёҸ,"Jan 26, 2026",108,0
2026-01-11,CoQRmFV-c68,Army of DEATH : Black Brunswickers вҳ пёҸвҡ”пёҸ,"Jan 26, 2026",108,0
2026-01-12,CoQRmFV-c68,Army of DEATH : Black Brunswickers вҳ пёҸвҡ”пёҸ,"Jan 26, 2026",108,0
2026-01-13,CoQRmFV-c68,Army of DEATH : Black Brunswickers вҳ пёҸвҡ”пёҸ,"Jan 26, 2026",108,0
2026-01-14,CoQRmFV-c68,Army of DEATH : Black Brunswickers вҳ пёҸвҡ”пёҸ,"Jan 26, 2026",108,0
2026-01-15,CoQRmFV-c68,Army of DEATH : Black Brunswickers вҳ пёҸвҡ”пёҸ,"Jan 26, 2026",108,0
2026-01-16,CoQRmFV-c68,Army of DEATH : Black Brunswickers вҳ пёҸвҡ”пёҸ,"Jan 26, 2026",108,0
2026-01-17,CoQRmFV-c68,Army of DEATH : Black Brunswickers вҳ пёҸвҡ”пёҸ,"Jan 26, 2026",108,0
2026-01-18,CoQRmFV-c68,Army of DEATH : Black Brunswickers вҳ пёҸвҡ”пёҸ,"Jan 26, 2026",108,0
2026-01-19,CoQRmFV-c68,Army of DEATH : Black Brunswickers вҳ пёҸвҡ”пёҸ,"Jan 26, 2026",108,0
2026-01-20,CoQRmFV-c68,Army of DEATH : Black Brunswickers вҳ пёҸвҡ”пёҸ,"Jan 26, 2026",108,0
2026-01-21,CoQRmFV-c68,Army of DEATH : Black Brunswickers вҳ пёҸвҡ”пёҸ,"Jan 26, 2026",108,0
2026-01-22,CoQRmFV-c68,Army of DEATH : Black Brunswickers вҳ пёҸвҡ”пёҸ,"Jan 26, 2026",108,0
2026-01-23,CoQRmFV-c68,Army of DEATH : Black Brunswickers вҳ пёҸвҡ”пёҸ,"Jan 26, 2026",108,0
2026-01-24,CoQRmFV-c68,Army of DEATH : Black Brunswickers вҳ пёҸвҡ”пёҸ,"Jan 26, 2026",108,0
2026-01-25,CoQRmFV-c68,Army of DEATH : Black Brunswickers вҳ пёҸвҡ”пёҸ,"Jan 26, 2026",108,0.151
2026-01-26,CoQRmFV-c68,Army of DEATH : Black Brunswickers вҳ пёҸвҡ”пёҸ,"Jan 26, 2026",108,0.127
2026-01-27,CoQRmFV-c68,Army of DEATH : Black Brunswickers вҳ пёҸвҡ”пёҸ,"Jan 26, 2026",108,0.106
2026-01-28,CoQRmFV-c68,Army of DEATH : Black Brunswickers вҳ пёҸвҡ”пёҸ,"Jan 26, 2026",108,0.022
2026-01-29,CoQRmFV-c68,Army of DEATH : Black Brunswickers вҳ пёҸвҡ”пёҸ,"Jan 26, 2026",108,0.033
2026-01-30,CoQRmFV-c68,Army of DEATH : Black Brunswickers вҳ пёҸвҡ”пёҸ,"Jan 26, 2026",108,0.033
2026-01-31,CoQRmFV-c68,Army of DEATH : Black Brunswickers вҳ пёҸвҡ”пёҸ,"Jan 26, 2026",108,0.012
2026-02-01,CoQRmFV-c68,Army of DEATH : Black Brunswickers вҳ пёҸвҡ”пёҸ,"Jan 26, 2026",108,0.009
2026-02-02,CoQRmFV-c68,Army of DEATH : Black Brunswickers вҳ пёҸвҡ”пёҸ,"Jan 26, 2026",108,0.003
2026-02-03,CoQRmFV-c68,Army of DEATH : Black Brunswickers вҳ пёҸвҡ”пёҸ,"Jan 26, 2026",108,0.006
2026-02-04,CoQRmFV-c68,Army of DEATH : Black Brunswickers вҳ пёҸвҡ”пёҸ,"Jan 26, 2026",108,0.001
2026-02-05,CoQRmFV-c68,Army of DEATH : Black Brunswickers вҳ пёҸвҡ”пёҸ,"Jan 26, 2026",108,0.002
2026-02-06,CoQRmFV-c68,Army of DEATH : Black Brunswickers вҳ пёҸвҡ”пёҸ,"Jan 26, 2026",108,0.004
2026-02-07,CoQRmFV-c68,Army of DEATH : Black Brunswickers вҳ пёҸвҡ”пёҸ,"Jan 26, 2026",108,0.003
2026-02-08,CoQRmFV-c68,Army of DEATH : Black Brunswickers вҳ пёҸвҡ”пёҸ,"Jan 26, 2026",108,0.004
2026-02-09,CoQRmFV-c68,Army of DEATH : Black Brunswickers вҳ пёҸвҡ”пёҸ,"Jan 26, 2026",108,0.003
2026-02-10,CoQRmFV-c68,Army of DEATH : Black Brunswickers вҳ пёҸвҡ”пёҸ,"Jan 26, 2026",108,0.005
2026-02-11,CoQRmFV-c68,Army of DEATH : Black Brunswickers вҳ пёҸвҡ”пёҸ,"Jan 26, 2026",108,0.005
2026-02-12,CoQRmFV-c68,Army of DEATH : Black Brunswickers вҳ пёҸвҡ”пёҸ,"Jan 26, 2026",108,0.003
2026-02-13,CoQRmFV-c68,Army of DEATH : Black Brunswickers вҳ пёҸвҡ”пёҸ,"Jan 26, 2026",108,0.002
2026-02-14,CoQRmFV-c68,Army of DEATH : Black Brunswickers вҳ пёҸвҡ”пёҸ,"Jan 26, 2026",108,0.005
2026-02-15,CoQRmFV-c68,Army of DEATH : Black Brunswickers вҳ пёҸвҡ”пёҸ,"Jan 26, 2026",108,0.003
2026-02-16,CoQRmFV-c68,Army of DEATH : Black Brunswickers вҳ пёҸвҡ”пёҸ,"Jan 26, 2026",108,0
2026-02-17,CoQRmFV-c68,Army of DEATH : Black Brunswickers вҳ пёҸвҡ”пёҸ,"Jan 26, 2026",108,0
2026-02-18,CoQRmFV-c68,Army of DEATH : Black Brunswickers вҳ пёҸвҡ”пёҸ,"Jan 26, 2026",108,0
2026-02-19,CoQRmFV-c68,Army of DEATH : Black Brunswickers вҳ пёҸвҡ”пёҸ,"Jan 26, 2026",108,0.001
2026-02-20,CoQRmFV-c68,Army of DEATH : Black Brunswickers вҳ пёҸвҡ”пёҸ,"Jan 26, 2026",108,0
2026-02-21,CoQRmFV-c68,Army of DEATH : Black Brunswickers вҳ пёҸвҡ”пёҸ,"Jan 26, 2026",108,0
2026-02-22,CoQRmFV-c68,Army of DEATH : Black Brunswickers вҳ пёҸвҡ”пёҸ,"Jan 26, 2026",108,0
2026-02-23,CoQRmFV-c68,Army of DEATH : Black Brunswickers вҳ пёҸвҡ”пёҸ,"Jan 26, 2026",108,0
2026-02-24,CoQRmFV-c68,Army of DEATH : Black Brunswickers вҳ пёҸвҡ”пёҸ,"Jan 26, 2026",108,0
2026-02-25,CoQRmFV-c68,Army of DEATH : Black Brunswickers вҳ пёҸвҡ”пёҸ,"Jan 26, 2026",108,0
2026-02-26,CoQRmFV-c68,Army of DEATH : Black Brunswickers вҳ пёҸвҡ”пёҸ,"Jan 26, 2026",108,0
2026-02-27,CoQRmFV-c68,Army of DEATH : Black Brunswickers вҳ пёҸвҡ”пёҸ,"Jan 26, 2026",108,0
2026-02-28,CoQRmFV-c68,Army of DEATH : Black Brunswickers вҳ пёҸвҡ”пёҸ,"Jan 26, 2026",108,0
2026-03-01,CoQRmFV-c68,Army of DEATH : Black Brunswickers вҳ пёҸвҡ”пёҸ,"Jan 26, 2026",108,0
2026-03-02,CoQRmFV-c68,Army of DEATH : Black Brunswickers вҳ пёҸвҡ”пёҸ,"Jan 26, 2026",108,0
2026-03-03,CoQRmFV-c68,Army of DEATH : Black Brunswickers вҳ пёҸвҡ”пёҸ,"Jan 26, 2026",108,0
2026-03-04,CoQRmFV-c68,Army of DEATH : Black Brunswickers вҳ пёҸвҡ”пёҸ,"Jan 26, 2026",108,0
2026-03-05,CoQRmFV-c68,Army of DEATH : Black Brunswickers вҳ пёҸвҡ”пёҸ,"Jan 26, 2026",108,0
2026-03-06,CoQRmFV-c68,Army of DEATH : Black Brunswickers вҳ пёҸвҡ”пёҸ,"Jan 26, 2026",108,0
2026-03-07,CoQRmFV-c68,Army of DEATH : Black Brunswickers вҳ пёҸвҡ”пёҸ,"Jan 26, 2026",108,0
2026-03-08,CoQRmFV-c68,Army of DEATH : Black Brunswickers вҳ пёҸвҡ”пёҸ,"Jan 26, 2026",108,0
2026-03-09,CoQRmFV-c68,Army of DEATH : Black Brunswickers вҳ пёҸвҡ”пёҸ,"Jan 26, 2026",108,0
2026-03-10,CoQRmFV-c68,Army of DEATH : Black Brunswickers вҳ пёҸвҡ”пёҸ,"Jan 26, 2026",108,0
2026-03-11,CoQRmFV-c68,Army of DEATH : Black Brunswickers вҳ пёҸвҡ”пёҸ,"Jan 26, 2026",108,0
2026-03-12,CoQRmFV-c68,Army of DEATH : Black Brunswickers вҳ пёҸвҡ”пёҸ,"Jan 26, 2026",108,0
2026-03-13,CoQRmFV-c68,Army of DEATH : Black Brunswickers вҳ пёҸвҡ”пёҸ,"Jan 26, 2026",108,0
2026-03-14,CoQRmFV-c68,Army of DEATH : Black Brunswickers вҳ пёҸвҡ”пёҸ,"Jan 26, 2026",108,0
2026-03-15,CoQRmFV-c68,Army of DEATH : Black Brunswickers вҳ пёҸвҡ”пёҸ,"Jan 26, 2026",108,0
2026-03-16,CoQRmFV-c68,Army of DEATH : Black Brunswickers вҳ пёҸвҡ”пёҸ,"Jan 26, 2026",108,0
2026-03-17,CoQRmFV-c68,Army of DEATH : Black Brunswickers вҳ пёҸвҡ”пёҸ,"Jan 26, 2026",108,0
2026-03-18,CoQRmFV-c68,Army of DEATH : Black Brunswickers вҳ пёҸвҡ”пёҸ,"Jan 26, 2026",108,0
2026-03-19,CoQRmFV-c68,Army of DEATH : Black Brunswickers вҳ пёҸвҡ”пёҸ,"Jan 26, 2026",108,0
2026-03-20,CoQRmFV-c68,Army of DEATH : Black Brunswickers вҳ пёҸвҡ”пёҸ,"Jan 26, 2026",108,0
2026-03-21,CoQRmFV-c68,Army of DEATH : Black Brunswickers вҳ пёҸвҡ”пёҸ,"Jan 26, 2026",108,0
2026-03-22,CoQRmFV-c68,Army of DEATH : Black Brunswickers вҳ пёҸвҡ”пёҸ,"Jan 26, 2026",108,0
2026-03-23,CoQRmFV-c68,Army of DEATH : Black Brunswickers вҳ пёҸвҡ”пёҸ,"Jan 26, 2026",108,0
2026-03-24,CoQRmFV-c68,Army of DEATH : Black Brunswickers вҳ пёҸвҡ”пёҸ,"Jan 26, 2026",108,0
2026-03-25,CoQRmFV-c68,Army of DEATH : Black Brunswickers вҳ пёҸвҡ”пёҸ,"Jan 26, 2026",108,0
2026-03-26,CoQRmFV-c68,Army of DEATH : Black Brunswickers вҳ пёҸвҡ”пёҸ,"Jan 26, 2026",108,0
2026-03-27,CoQRmFV-c68,Army of DEATH : Black Brunswickers вҳ пёҸвҡ”пёҸ,"Jan 26, 2026",108,0
2026-03-28,CoQRmFV-c68,Army of DEATH : Black Brunswickers вҳ пёҸвҡ”пёҸ,"Jan 26, 2026",108,0
2026-03-29,CoQRmFV-c68,Army of DEATH : Black Brunswickers вҳ пёҸвҡ”пёҸ,"Jan 26, 2026",108,0
2026-03-30,CoQRmFV-c68,Army of DEATH : Black Brunswickers вҳ пёҸвҡ”пёҸ,"Jan 26, 2026",108,0
2026-03-31,CoQRmFV-c68,Army of DEATH : Black Brunswickers вҳ пёҸвҡ”пёҸ,"Jan 26, 2026",108,0
2026-04-01,CoQRmFV-c68,Army of DEATH : Black Brunswickers вҳ пёҸвҡ”пёҸ,"Jan 26, 2026",108,0
2026-04-02,CoQRmFV-c68,Army of DEATH : Black Brunswickers вҳ пёҸвҡ”пёҸ,"Jan 26, 2026",108,0
2026-04-03,CoQRmFV-c68,Army of DEATH : Black Brunswickers вҳ пёҸвҡ”пёҸ,"Jan 26, 2026",108,0
2026-04-04,CoQRmFV-c68,Army of DEATH : Black Brunswickers вҳ пёҸвҡ”пёҸ,"Jan 26, 2026",108,0
2026-04-05,CoQRmFV-c68,Army of DEATH : Black Brunswickers вҳ пёҸвҡ”пёҸ,"Jan 26, 2026",108,0
2026-04-06,CoQRmFV-c68,Army of DEATH : Black Brunswickers вҳ пёҸвҡ”пёҸ,"Jan 26, 2026",108,0
2026-04-07,CoQRmFV-c68,Army of DEATH : Black Brunswickers вҳ пёҸвҡ”пёҸ,"Jan 26, 2026",108,0
2026-04-08,CoQRmFV-c68,Army of DEATH : Black Brunswickers вҳ пёҸвҡ”пёҸ,"Jan 26, 2026",108,0
2026-01-09,RNZ9AgXOoTk,рҹҗҺCharge of the Polish Lancers at SomosierraрҹҸ”пёҸ,"Sep 6, 2025",74,0.001
2026-01-10,RNZ9AgXOoTk,рҹҗҺCharge of the Polish Lancers at SomosierraрҹҸ”пёҸ,"Sep 6, 2025",74,0.001
2026-01-11,RNZ9AgXOoTk,рҹҗҺCharge of the Polish Lancers at SomosierraрҹҸ”пёҸ,"Sep 6, 2025",74,0.002
2026-01-12,RNZ9AgXOoTk,рҹҗҺCharge of the Polish Lancers at SomosierraрҹҸ”пёҸ,"Sep 6, 2025",74,0.001
2026-01-13,RNZ9AgXOoTk,рҹҗҺCharge of the Polish Lancers at SomosierraрҹҸ”пёҸ,"Sep 6, 2025",74,0.002
2026-01-14,RNZ9AgXOoTk,рҹҗҺCharge of the Polish Lancers at SomosierraрҹҸ”пёҸ,"Sep 6, 2025",74,0.002
2026-01-15,RNZ9AgXOoTk,рҹҗҺCharge of the Polish Lancers at SomosierraрҹҸ”пёҸ,"Sep 6, 2025",74,0.002
2026-01-16,RNZ9AgXOoTk,рҹҗҺCharge of the Polish Lancers at SomosierraрҹҸ”пёҸ,"Sep 6, 2025",74,0.001
2026-01-17,RNZ9AgXOoTk,рҹҗҺCharge of the Polish Lancers at SomosierraрҹҸ”пёҸ,"Sep 6, 2025",74,0.002
2026-01-18,RNZ9AgXOoTk,рҹҗҺCharge of the Polish Lancers at SomosierraрҹҸ”пёҸ,"Sep 6, 2025",74,0.001
2026-01-19,RNZ9AgXOoTk,рҹҗҺCharge of the Polish Lancers at SomosierraрҹҸ”пёҸ,"Sep 6, 2025",74,0.001
2026-01-20,RNZ9AgXOoTk,рҹҗҺCharge of the Polish Lancers at SomosierraрҹҸ”пёҸ,"Sep 6, 2025",74,0.001
2026-01-21,RNZ9AgXOoTk,рҹҗҺCharge of the Polish Lancers at SomosierraрҹҸ”пёҸ,"Sep 6, 2025",74,0.001
2026-01-22,RNZ9AgXOoTk,рҹҗҺCharge of the Polish Lancers at SomosierraрҹҸ”пёҸ,"Sep 6, 2025",74,0.002
2026-01-23,RNZ9AgXOoTk,рҹҗҺCharge of the Polish Lancers at SomosierraрҹҸ”пёҸ,"Sep 6, 2025",74,0.017
2026-01-24,RNZ9AgXOoTk,рҹҗҺCharge of the Polish Lancers at SomosierraрҹҸ”пёҸ,"Sep 6, 2025",74,0.007
2026-01-25,RNZ9AgXOoTk,рҹҗҺCharge of the Polish Lancers at SomosierraрҹҸ”пёҸ,"Sep 6, 2025",74,0.001
2026-01-26,RNZ9AgXOoTk,рҹҗҺCharge of the Polish Lancers at SomosierraрҹҸ”пёҸ,"Sep 6, 2025",74,0.002
2026-01-27,RNZ9AgXOoTk,рҹҗҺCharge of the Polish Lancers at SomosierraрҹҸ”пёҸ,"Sep 6, 2025",74,0.002
2026-01-28,RNZ9AgXOoTk,рҹҗҺCharge of the Polish Lancers at SomosierraрҹҸ”пёҸ,"Sep 6, 2025",74,0.003
2026-01-29,RNZ9AgXOoTk,рҹҗҺCharge of the Polish Lancers at SomosierraрҹҸ”пёҸ,"Sep 6, 2025",74,0.001
2026-01-30,RNZ9AgXOoTk,рҹҗҺCharge of the Polish Lancers at SomosierraрҹҸ”пёҸ,"Sep 6, 2025",74,0.003
2026-01-31,RNZ9AgXOoTk,рҹҗҺCharge of the Polish Lancers at SomosierraрҹҸ”пёҸ,"Sep 6, 2025",74,0.001
2026-02-01,RNZ9AgXOoTk,рҹҗҺCharge of the Polish Lancers at SomosierraрҹҸ”пёҸ,"Sep 6, 2025",74,0.022
2026-02-02,RNZ9AgXOoTk,рҹҗҺCharge of the Polish Lancers at SomosierraрҹҸ”пёҸ,"Sep 6, 2025",74,0.008
2026-02-03,RNZ9AgXOoTk,рҹҗҺCharge of the Polish Lancers at SomosierraрҹҸ”пёҸ,"Sep 6, 2025",74,0.012
2026-02-04,RNZ9AgXOoTk,рҹҗҺCharge of the Polish Lancers at SomosierraрҹҸ”пёҸ,"Sep 6, 2025",74,0.006
2026-02-05,RNZ9AgXOoTk,рҹҗҺCharge of the Polish Lancers at SomosierraрҹҸ”пёҸ,"Sep 6, 2025",74,0.005
2026-02-06,RNZ9AgXOoTk,рҹҗҺCharge of the Polish Lancers at SomosierraрҹҸ”пёҸ,"Sep 6, 2025",74,0.019
2026-02-07,RNZ9AgXOoTk,рҹҗҺCharge of the Polish Lancers at SomosierraрҹҸ”пёҸ,"Sep 6, 2025",74,0.019
2026-02-08,RNZ9AgXOoTk,рҹҗҺCharge of the Polish Lancers at SomosierraрҹҸ”пёҸ,"Sep 6, 2025",74,0.014
2026-02-09,RNZ9AgXOoTk,рҹҗҺCharge of the Polish Lancers at SomosierraрҹҸ”пёҸ,"Sep 6, 2025",74,0.013
2026-02-10,RNZ9AgXOoTk,рҹҗҺCharge of the Polish Lancers at SomosierraрҹҸ”пёҸ,"Sep 6, 2025",74,0.009
2026-02-11,RNZ9AgXOoTk,рҹҗҺCharge of the Polish Lancers at SomosierraрҹҸ”пёҸ,"Sep 6, 2025",74,0.013
2026-02-12,RNZ9AgXOoTk,рҹҗҺCharge of the Polish Lancers at SomosierraрҹҸ”пёҸ,"Sep 6, 2025",74,0.012
2026-02-13,RNZ9AgXOoTk,рҹҗҺCharge of the Polish Lancers at SomosierraрҹҸ”пёҸ,"Sep 6, 2025",74,0.016
2026-02-14,RNZ9AgXOoTk,рҹҗҺCharge of the Polish Lancers at SomosierraрҹҸ”пёҸ,"Sep 6, 2025",74,0.012
2026-02-15,RNZ9AgXOoTk,рҹҗҺCharge of the Polish Lancers at SomosierraрҹҸ”пёҸ,"Sep 6, 2025",74,0.012
2026-02-16,RNZ9AgXOoTk,рҹҗҺCharge of the Polish Lancers at SomosierraрҹҸ”пёҸ,"Sep 6, 2025",74,0.013
2026-02-17,RNZ9AgXOoTk,рҹҗҺCharge of the Polish Lancers at SomosierraрҹҸ”пёҸ,"Sep 6, 2025",74,0.008
2026-02-18,RNZ9AgXOoTk,рҹҗҺCharge of the Polish Lancers at SomosierraрҹҸ”пёҸ,"Sep 6, 2025",74,0.015
2026-02-19,RNZ9AgXOoTk,рҹҗҺCharge of the Polish Lancers at SomosierraрҹҸ”пёҸ,"Sep 6, 2025",74,0.009
2026-02-20,RNZ9AgXOoTk,рҹҗҺCharge of the Polish Lancers at SomosierraрҹҸ”пёҸ,"Sep 6, 2025",74,0.012
2026-02-21,RNZ9AgXOoTk,рҹҗҺCharge of the Polish Lancers at SomosierraрҹҸ”пёҸ,"Sep 6, 2025",74,0.01
2026-02-22,RNZ9AgXOoTk,рҹҗҺCharge of the Polish Lancers at SomosierraрҹҸ”пёҸ,"Sep 6, 2025",74,0.009
2026-02-23,RNZ9AgXOoTk,рҹҗҺCharge of the Polish Lancers at SomosierraрҹҸ”пёҸ,"Sep 6, 2025",74,0.006
2026-02-24,RNZ9AgXOoTk,рҹҗҺCharge of the Polish Lancers at SomosierraрҹҸ”пёҸ,"Sep 6, 2025",74,0.006
2026-02-25,RNZ9AgXOoTk,рҹҗҺCharge of the Polish Lancers at SomosierraрҹҸ”пёҸ,"Sep 6, 2025",74,0.009
2026-02-26,RNZ9AgXOoTk,рҹҗҺCharge of the Polish Lancers at SomosierraрҹҸ”пёҸ,"Sep 6, 2025",74,0.009
2026-02-27,RNZ9AgXOoTk,рҹҗҺCharge of the Polish Lancers at SomosierraрҹҸ”пёҸ,"Sep 6, 2025",74,0.01
2026-02-28,RNZ9AgXOoTk,рҹҗҺCharge of the Polish Lancers at SomosierraрҹҸ”пёҸ,"Sep 6, 2025",74,0.007
2026-03-01,RNZ9AgXOoTk,рҹҗҺCharge of the Polish Lancers at SomosierraрҹҸ”пёҸ,"Sep 6, 2025",74,0.007
2026-03-02,RNZ9AgXOoTk,рҹҗҺCharge of the Polish Lancers at SomosierraрҹҸ”пёҸ,"Sep 6, 2025",74,0.008
2026-03-03,RNZ9AgXOoTk,рҹҗҺCharge of the Polish Lancers at SomosierraрҹҸ”пёҸ,"Sep 6, 2025",74,0.006
2026-03-04,RNZ9AgXOoTk,рҹҗҺCharge of the Polish Lancers at SomosierraрҹҸ”пёҸ,"Sep 6, 2025",74,0.006
2026-03-05,RNZ9AgXOoTk,рҹҗҺCharge of the Polish Lancers at SomosierraрҹҸ”пёҸ,"Sep 6, 2025",74,0.006
2026-03-06,RNZ9AgXOoTk,рҹҗҺCharge of the Polish Lancers at SomosierraрҹҸ”пёҸ,"Sep 6, 2025",74,0.006
2026-03-07,RNZ9AgXOoTk,рҹҗҺCharge of the Polish Lancers at SomosierraрҹҸ”пёҸ,"Sep 6, 2025",74,0.004
2026-03-08,RNZ9AgXOoTk,рҹҗҺCharge of the Polish Lancers at SomosierraрҹҸ”пёҸ,"Sep 6, 2025",74,0.004
2026-03-09,RNZ9AgXOoTk,рҹҗҺCharge of the Polish Lancers at SomosierraрҹҸ”пёҸ,"Sep 6, 2025",74,0.006
2026-03-10,RNZ9AgXOoTk,рҹҗҺCharge of the Polish Lancers at SomosierraрҹҸ”пёҸ,"Sep 6, 2025",74,0.005
2026-03-11,RNZ9AgXOoTk,рҹҗҺCharge of the Polish Lancers at SomosierraрҹҸ”пёҸ,"Sep 6, 2025",74,0.003
2026-03-12,RNZ9AgXOoTk,рҹҗҺCharge of the Polish Lancers at SomosierraрҹҸ”пёҸ,"Sep 6, 2025",74,0.005
2026-03-13,RNZ9AgXOoTk,рҹҗҺCharge of the Polish Lancers at SomosierraрҹҸ”пёҸ,"Sep 6, 2025",74,0.007
2026-03-14,RNZ9AgXOoTk,рҹҗҺCharge of the Polish Lancers at SomosierraрҹҸ”пёҸ,"Sep 6, 2025",74,0.005
2026-03-15,RNZ9AgXOoTk,рҹҗҺCharge of the Polish Lancers at SomosierraрҹҸ”пёҸ,"Sep 6, 2025",74,0.008
2026-03-16,RNZ9AgXOoTk,рҹҗҺCharge of the Polish Lancers at SomosierraрҹҸ”пёҸ,"Sep 6, 2025",74,0.007
2026-03-17,RNZ9AgXOoTk,рҹҗҺCharge of the Polish Lancers at SomosierraрҹҸ”пёҸ,"Sep 6, 2025",74,0.003
2026-03-18,RNZ9AgXOoTk,рҹҗҺCharge of the Polish Lancers at SomosierraрҹҸ”пёҸ,"Sep 6, 2025",74,0.005
2026-03-19,RNZ9AgXOoTk,рҹҗҺCharge of the Polish Lancers at SomosierraрҹҸ”пёҸ,"Sep 6, 2025",74,0.004
2026-03-20,RNZ9AgXOoTk,рҹҗҺCharge of the Polish Lancers at SomosierraрҹҸ”пёҸ,"Sep 6, 2025",74,0.004
2026-03-21,RNZ9AgXOoTk,рҹҗҺCharge of the Polish Lancers at SomosierraрҹҸ”пёҸ,"Sep 6, 2025",74,0.003
2026-03-22,RNZ9AgXOoTk,рҹҗҺCharge of the Polish Lancers at SomosierraрҹҸ”пёҸ,"Sep 6, 2025",74,0.004
2026-03-23,RNZ9AgXOoTk,рҹҗҺCharge of the Polish Lancers at SomosierraрҹҸ”пёҸ,"Sep 6, 2025",74,0.005
2026-03-24,RNZ9AgXOoTk,рҹҗҺCharge of the Polish Lancers at SomosierraрҹҸ”пёҸ,"Sep 6, 2025",74,0.005
2026-03-25,RNZ9AgXOoTk,рҹҗҺCharge of the Polish Lancers at SomosierraрҹҸ”пёҸ,"Sep 6, 2025",74,0.005
2026-03-26,RNZ9AgXOoTk,рҹҗҺCharge of the Polish Lancers at SomosierraрҹҸ”пёҸ,"Sep 6, 2025",74,0.008
2026-03-27,RNZ9AgXOoTk,рҹҗҺCharge of the Polish Lancers at SomosierraрҹҸ”пёҸ,"Sep 6, 2025",74,0.005
2026-03-28,RNZ9AgXOoTk,рҹҗҺCharge of the Polish Lancers at SomosierraрҹҸ”пёҸ,"Sep 6, 2025",74,0.005
2026-03-29,RNZ9AgXOoTk,рҹҗҺCharge of the Polish Lancers at SomosierraрҹҸ”пёҸ,"Sep 6, 2025",74,0.002
2026-03-30,RNZ9AgXOoTk,рҹҗҺCharge of the Polish Lancers at SomosierraрҹҸ”пёҸ,"Sep 6, 2025",74,0.005
2026-03-31,RNZ9AgXOoTk,рҹҗҺCharge of the Polish Lancers at SomosierraрҹҸ”пёҸ,"Sep 6, 2025",74,0.005
2026-04-01,RNZ9AgXOoTk,рҹҗҺCharge of the Polish Lancers at SomosierraрҹҸ”пёҸ,"Sep 6, 2025",74,0.007
2026-04-02,RNZ9AgXOoTk,рҹҗҺCharge of the Polish Lancers at SomosierraрҹҸ”пёҸ,"Sep 6, 2025",74,0.003
2026-04-03,RNZ9AgXOoTk,рҹҗҺCharge of the Polish Lancers at SomosierraрҹҸ”пёҸ,"Sep 6, 2025",74,0.003
2026-04-04,RNZ9AgXOoTk,рҹҗҺCharge of the Polish Lancers at SomosierraрҹҸ”пёҸ,"Sep 6, 2025",74,0.003
2026-04-05,RNZ9AgXOoTk,рҹҗҺCharge of the Polish Lancers at SomosierraрҹҸ”пёҸ,"Sep 6, 2025",74,0.006
2026-04-06,RNZ9AgXOoTk,рҹҗҺCharge of the Polish Lancers at SomosierraрҹҸ”пёҸ,"Sep 6, 2025",74,0.006
2026-04-07,RNZ9AgXOoTk,рҹҗҺCharge of the Polish Lancers at SomosierraрҹҸ”пёҸ,"Sep 6, 2025",74,0.002
2026-04-08,RNZ9AgXOoTk,рҹҗҺCharge of the Polish Lancers at SomosierraрҹҸ”пёҸ,"Sep 6, 2025",74,0
2026-01-09,cBGEZYZtywI,рҹ’Ӯрҹ’Ӯ NAPOLEON'S Old Guardрҹ’Ӯрҹ’Ӯ,"Feb 5, 2026",91,0
2026-01-10,cBGEZYZtywI,рҹ’Ӯрҹ’Ӯ NAPOLEON'S Old Guardрҹ’Ӯрҹ’Ӯ,"Feb 5, 2026",91,0
2026-01-11,cBGEZYZtywI,рҹ’Ӯрҹ’Ӯ NAPOLEON'S Old Guardрҹ’Ӯрҹ’Ӯ,"Feb 5, 2026",91,0
2026-01-12,cBGEZYZtywI,рҹ’Ӯрҹ’Ӯ NAPOLEON'S Old Guardрҹ’Ӯрҹ’Ӯ,"Feb 5, 2026",91,0
2026-01-13,cBGEZYZtywI,рҹ’Ӯрҹ’Ӯ NAPOLEON'S Old Guardрҹ’Ӯрҹ’Ӯ,"Feb 5, 2026",91,0
2026-01-14,cBGEZYZtywI,рҹ’Ӯрҹ’Ӯ NAPOLEON'S Old Guardрҹ’Ӯрҹ’Ӯ,"Feb 5, 2026",91,0
2026-01-15,cBGEZYZtywI,рҹ’Ӯрҹ’Ӯ NAPOLEON'S Old Guardрҹ’Ӯрҹ’Ӯ,"Feb 5, 2026",91,0
2026-01-16,cBGEZYZtywI,рҹ’Ӯрҹ’Ӯ NAPOLEON'S Old Guardрҹ’Ӯрҹ’Ӯ,"Feb 5, 2026",91,0
2026-01-17,cBGEZYZtywI,рҹ’Ӯрҹ’Ӯ NAPOLEON'S Old Guardрҹ’Ӯрҹ’Ӯ,"Feb 5, 2026",91,0
2026-01-18,cBGEZYZtywI,рҹ’Ӯрҹ’Ӯ NAPOLEON'S Old Guardрҹ’Ӯрҹ’Ӯ,"Feb 5, 2026",91,0
2026-01-19,cBGEZYZtywI,рҹ’Ӯрҹ’Ӯ NAPOLEON'S Old Guardрҹ’Ӯрҹ’Ӯ,"Feb 5, 2026",91,0
2026-01-20,cBGEZYZtywI,рҹ’Ӯрҹ’Ӯ NAPOLEON'S Old Guardрҹ’Ӯрҹ’Ӯ,"Feb 5, 2026",91,0
2026-01-21,cBGEZYZtywI,рҹ’Ӯрҹ’Ӯ NAPOLEON'S Old Guardрҹ’Ӯрҹ’Ӯ,"Feb 5, 2026",91,0
2026-01-22,cBGEZYZtywI,рҹ’Ӯрҹ’Ӯ NAPOLEON'S Old Guardрҹ’Ӯрҹ’Ӯ,"Feb 5, 2026",91,0
2026-01-23,cBGEZYZtywI,рҹ’Ӯрҹ’Ӯ NAPOLEON'S Old Guardрҹ’Ӯрҹ’Ӯ,"Feb 5, 2026",91,0
2026-01-24,cBGEZYZtywI,рҹ’Ӯрҹ’Ӯ NAPOLEON'S Old Guardрҹ’Ӯрҹ’Ӯ,"Feb 5, 2026",91,0
2026-01-25,cBGEZYZtywI,рҹ’Ӯрҹ’Ӯ NAPOLEON'S Old Guardрҹ’Ӯрҹ’Ӯ,"Feb 5, 2026",91,0
2026-01-26,cBGEZYZtywI,рҹ’Ӯрҹ’Ӯ NAPOLEON'S Old Guardрҹ’Ӯрҹ’Ӯ,"Feb 5, 2026",91,0
2026-01-27,cBGEZYZtywI,рҹ’Ӯрҹ’Ӯ NAPOLEON'S Old Guardрҹ’Ӯрҹ’Ӯ,"Feb 5, 2026",91,0
2026-01-28,cBGEZYZtywI,рҹ’Ӯрҹ’Ӯ NAPOLEON'S Old Guardрҹ’Ӯрҹ’Ӯ,"Feb 5, 2026",91,0
2026-01-29,cBGEZYZtywI,рҹ’Ӯрҹ’Ӯ NAPOLEON'S Old Guardрҹ’Ӯрҹ’Ӯ,"Feb 5, 2026",91,0
2026-01-30,cBGEZYZtywI,рҹ’Ӯрҹ’Ӯ NAPOLEON'S Old Guardрҹ’Ӯрҹ’Ӯ,"Feb 5, 2026",91,0
2026-01-31,cBGEZYZtywI,рҹ’Ӯрҹ’Ӯ NAPOLEON'S Old Guardрҹ’Ӯрҹ’Ӯ,"Feb 5, 2026",91,0
2026-02-01,cBGEZYZtywI,рҹ’Ӯрҹ’Ӯ NAPOLEON'S Old Guardрҹ’Ӯрҹ’Ӯ,"Feb 5, 2026",91,0
2026-02-02,cBGEZYZtywI,рҹ’Ӯрҹ’Ӯ NAPOLEON'S Old Guardрҹ’Ӯрҹ’Ӯ,"Feb 5, 2026",91,0
2026-02-03,cBGEZYZtywI,рҹ’Ӯрҹ’Ӯ NAPOLEON'S Old Guardрҹ’Ӯрҹ’Ӯ,"Feb 5, 2026",91,0
2026-02-04,cBGEZYZtywI,рҹ’Ӯрҹ’Ӯ NAPOLEON'S Old Guardрҹ’Ӯрҹ’Ӯ,"Feb 5, 2026",91,0
2026-02-05,cBGEZYZtywI,рҹ’Ӯрҹ’Ӯ NAPOLEON'S Old Guardрҹ’Ӯрҹ’Ӯ,"Feb 5, 2026",91,0.182
2026-02-06,cBGEZYZtywI,рҹ’Ӯрҹ’Ӯ NAPOLEON'S Old Guardрҹ’Ӯрҹ’Ӯ,"Feb 5, 2026",91,0.038
2026-02-07,cBGEZYZtywI,рҹ’Ӯрҹ’Ӯ NAPOLEON'S Old Guardрҹ’Ӯрҹ’Ӯ,"Feb 5, 2026",91,0.054
2026-02-08,cBGEZYZtywI,рҹ’Ӯрҹ’Ӯ NAPOLEON'S Old Guardрҹ’Ӯрҹ’Ӯ,"Feb 5, 2026",91,0.16
2026-02-09,cBGEZYZtywI,рҹ’Ӯрҹ’Ӯ NAPOLEON'S Old Guardрҹ’Ӯрҹ’Ӯ,"Feb 5, 2026",91,0.043
2026-02-10,cBGEZYZtywI,рҹ’Ӯрҹ’Ӯ NAPOLEON'S Old Guardрҹ’Ӯрҹ’Ӯ,"Feb 5, 2026",91,0.02
2026-02-11,cBGEZYZtywI,рҹ’Ӯрҹ’Ӯ NAPOLEON'S Old Guardрҹ’Ӯрҹ’Ӯ,"Feb 5, 2026",91,0.038
2026-02-12,cBGEZYZtywI,рҹ’Ӯрҹ’Ӯ NAPOLEON'S Old Guardрҹ’Ӯрҹ’Ӯ,"Feb 5, 2026",91,0.149
2026-02-13,cBGEZYZtywI,рҹ’Ӯрҹ’Ӯ NAPOLEON'S Old Guardрҹ’Ӯрҹ’Ӯ,"Feb 5, 2026",91,0.089
2026-02-14,cBGEZYZtywI,рҹ’Ӯрҹ’Ӯ NAPOLEON'S Old Guardрҹ’Ӯрҹ’Ӯ,"Feb 5, 2026",91,0.016
2026-02-15,cBGEZYZtywI,рҹ’Ӯрҹ’Ӯ NAPOLEON'S Old Guardрҹ’Ӯрҹ’Ӯ,"Feb 5, 2026",91,0.017
2026-02-16,cBGEZYZtywI,рҹ’Ӯрҹ’Ӯ NAPOLEON'S Old Guardрҹ’Ӯрҹ’Ӯ,"Feb 5, 2026",91,0.002
2026-02-17,cBGEZYZtywI,рҹ’Ӯрҹ’Ӯ NAPOLEON'S Old Guardрҹ’Ӯрҹ’Ӯ,"Feb 5, 2026",91,0.001
2026-02-18,cBGEZYZtywI,рҹ’Ӯрҹ’Ӯ NAPOLEON'S Old Guardрҹ’Ӯрҹ’Ӯ,"Feb 5, 2026",91,0.001
2026-02-19,cBGEZYZtywI,рҹ’Ӯрҹ’Ӯ NAPOLEON'S Old Guardрҹ’Ӯрҹ’Ӯ,"Feb 5, 2026",91,0
2026-02-20,cBGEZYZtywI,рҹ’Ӯрҹ’Ӯ NAPOLEON'S Old Guardрҹ’Ӯрҹ’Ӯ,"Feb 5, 2026",91,0.001
2026-02-21,cBGEZYZtywI,рҹ’Ӯрҹ’Ӯ NAPOLEON'S Old Guardрҹ’Ӯрҹ’Ӯ,"Feb 5, 2026",91,0.001
2026-02-22,cBGEZYZtywI,рҹ’Ӯрҹ’Ӯ NAPOLEON'S Old Guardрҹ’Ӯрҹ’Ӯ,"Feb 5, 2026",91,0.001
2026-02-23,cBGEZYZtywI,рҹ’Ӯрҹ’Ӯ NAPOLEON'S Old Guardрҹ’Ӯрҹ’Ӯ,"Feb 5, 2026",91,0.001
2026-02-24,cBGEZYZtywI,рҹ’Ӯрҹ’Ӯ NAPOLEON'S Old Guardрҹ’Ӯрҹ’Ӯ,"Feb 5, 2026",91,0
2026-02-25,cBGEZYZtywI,рҹ’Ӯрҹ’Ӯ NAPOLEON'S Old Guardрҹ’Ӯрҹ’Ӯ,"Feb 5, 2026",91,0
2026-02-26,cBGEZYZtywI,рҹ’Ӯрҹ’Ӯ NAPOLEON'S Old Guardрҹ’Ӯрҹ’Ӯ,"Feb 5, 2026",91,0.001
2026-02-27,cBGEZYZtywI,рҹ’Ӯрҹ’Ӯ NAPOLEON'S Old Guardрҹ’Ӯрҹ’Ӯ,"Feb 5, 2026",91,0.002
2026-02-28,cBGEZYZtywI,рҹ’Ӯрҹ’Ӯ NAPOLEON'S Old Guardрҹ’Ӯрҹ’Ӯ,"Feb 5, 2026",91,0
2026-03-01,cBGEZYZtywI,рҹ’Ӯрҹ’Ӯ NAPOLEON'S Old Guardрҹ’Ӯрҹ’Ӯ,"Feb 5, 2026",91,0
2026-03-02,cBGEZYZtywI,рҹ’Ӯрҹ’Ӯ NAPOLEON'S Old Guardрҹ’Ӯрҹ’Ӯ,"Feb 5, 2026",91,0
2026-03-03,cBGEZYZtywI,рҹ’Ӯрҹ’Ӯ NAPOLEON'S Old Guardрҹ’Ӯрҹ’Ӯ,"Feb 5, 2026",91,0
2026-03-04,cBGEZYZtywI,рҹ’Ӯрҹ’Ӯ NAPOLEON'S Old Guardрҹ’Ӯрҹ’Ӯ,"Feb 5, 2026",91,0
2026-03-05,cBGEZYZtywI,рҹ’Ӯрҹ’Ӯ NAPOLEON'S Old Guardрҹ’Ӯрҹ’Ӯ,"Feb 5, 2026",91,0.001
2026-03-06,cBGEZYZtywI,рҹ’Ӯрҹ’Ӯ NAPOLEON'S Old Guardрҹ’Ӯрҹ’Ӯ,"Feb 5, 2026",91,0
2026-03-07,cBGEZYZtywI,рҹ’Ӯрҹ’Ӯ NAPOLEON'S Old Guardрҹ’Ӯрҹ’Ӯ,"Feb 5, 2026",91,0
2026-03-08,cBGEZYZtywI,рҹ’Ӯрҹ’Ӯ NAPOLEON'S Old Guardрҹ’Ӯрҹ’Ӯ,"Feb 5, 2026",91,0
2026-03-09,cBGEZYZtywI,рҹ’Ӯрҹ’Ӯ NAPOLEON'S Old Guardрҹ’Ӯрҹ’Ӯ,"Feb 5, 2026",91,0
2026-03-10,cBGEZYZtywI,рҹ’Ӯрҹ’Ӯ NAPOLEON'S Old Guardрҹ’Ӯрҹ’Ӯ,"Feb 5, 2026",91,0
2026-03-11,cBGEZYZtywI,рҹ’Ӯрҹ’Ӯ NAPOLEON'S Old Guardрҹ’Ӯрҹ’Ӯ,"Feb 5, 2026",91,0
2026-03-12,cBGEZYZtywI,рҹ’Ӯрҹ’Ӯ NAPOLEON'S Old Guardрҹ’Ӯрҹ’Ӯ,"Feb 5, 2026",91,0
2026-03-13,cBGEZYZtywI,рҹ’Ӯрҹ’Ӯ NAPOLEON'S Old Guardрҹ’Ӯрҹ’Ӯ,"Feb 5, 2026",91,0
2026-03-14,cBGEZYZtywI,рҹ’Ӯрҹ’Ӯ NAPOLEON'S Old Guardрҹ’Ӯрҹ’Ӯ,"Feb 5, 2026",91,0
2026-03-15,cBGEZYZtywI,рҹ’Ӯрҹ’Ӯ NAPOLEON'S Old Guardрҹ’Ӯрҹ’Ӯ,"Feb 5, 2026",91,0
2026-03-16,cBGEZYZtywI,рҹ’Ӯрҹ’Ӯ NAPOLEON'S Old Guardрҹ’Ӯрҹ’Ӯ,"Feb 5, 2026",91,0
2026-03-17,cBGEZYZtywI,рҹ’Ӯрҹ’Ӯ NAPOLEON'S Old Guardрҹ’Ӯрҹ’Ӯ,"Feb 5, 2026",91,0
2026-03-18,cBGEZYZtywI,рҹ’Ӯрҹ’Ӯ NAPOLEON'S Old Guardрҹ’Ӯрҹ’Ӯ,"Feb 5, 2026",91,0
2026-03-19,cBGEZYZtywI,рҹ’Ӯрҹ’Ӯ NAPOLEON'S Old Guardрҹ’Ӯрҹ’Ӯ,"Feb 5, 2026",91,0
2026-03-20,cBGEZYZtywI,рҹ’Ӯрҹ’Ӯ NAPOLEON'S Old Guardрҹ’Ӯрҹ’Ӯ,"Feb 5, 2026",91,0
2026-03-21,cBGEZYZtywI,рҹ’Ӯрҹ’Ӯ NAPOLEON'S Old Guardрҹ’Ӯрҹ’Ӯ,"Feb 5, 2026",91,0
2026-03-22,cBGEZYZtywI,рҹ’Ӯрҹ’Ӯ NAPOLEON'S Old Guardрҹ’Ӯрҹ’Ӯ,"Feb 5, 2026",91,0
2026-03-23,cBGEZYZtywI,рҹ’Ӯрҹ’Ӯ NAPOLEON'S Old Guardрҹ’Ӯрҹ’Ӯ,"Feb 5, 2026",91,0
2026-03-24,cBGEZYZtywI,рҹ’Ӯрҹ’Ӯ NAPOLEON'S Old Guardрҹ’Ӯрҹ’Ӯ,"Feb 5, 2026",91,0
2026-03-25,cBGEZYZtywI,рҹ’Ӯрҹ’Ӯ NAPOLEON'S Old Guardрҹ’Ӯрҹ’Ӯ,"Feb 5, 2026",91,0
2026-03-26,cBGEZYZtywI,рҹ’Ӯрҹ’Ӯ NAPOLEON'S Old Guardрҹ’Ӯрҹ’Ӯ,"Feb 5, 2026",91,0
2026-03-27,cBGEZYZtywI,рҹ’Ӯрҹ’Ӯ NAPOLEON'S Old Guardрҹ’Ӯрҹ’Ӯ,"Feb 5, 2026",91,0
2026-03-28,cBGEZYZtywI,рҹ’Ӯрҹ’Ӯ NAPOLEON'S Old Guardрҹ’Ӯрҹ’Ӯ,"Feb 5, 2026",91,0
2026-03-29,cBGEZYZtywI,рҹ’Ӯрҹ’Ӯ NAPOLEON'S Old Guardрҹ’Ӯрҹ’Ӯ,"Feb 5, 2026",91,0
2026-03-30,cBGEZYZtywI,рҹ’Ӯрҹ’Ӯ NAPOLEON'S Old Guardрҹ’Ӯрҹ’Ӯ,"Feb 5, 2026",91,0.001
2026-03-31,cBGEZYZtywI,рҹ’Ӯрҹ’Ӯ NAPOLEON'S Old Guardрҹ’Ӯрҹ’Ӯ,"Feb 5, 2026",91,0
2026-04-01,cBGEZYZtywI,рҹ’Ӯрҹ’Ӯ NAPOLEON'S Old Guardрҹ’Ӯрҹ’Ӯ,"Feb 5, 2026",91,0
2026-04-02,cBGEZYZtywI,рҹ’Ӯрҹ’Ӯ NAPOLEON'S Old Guardрҹ’Ӯрҹ’Ӯ,"Feb 5, 2026",91,0
2026-04-03,cBGEZYZtywI,рҹ’Ӯрҹ’Ӯ NAPOLEON'S Old Guardрҹ’Ӯрҹ’Ӯ,"Feb 5, 2026",91,0
2026-04-04,cBGEZYZtywI,рҹ’Ӯрҹ’Ӯ NAPOLEON'S Old Guardрҹ’Ӯрҹ’Ӯ,"Feb 5, 2026",91,0
2026-04-05,cBGEZYZtywI,рҹ’Ӯрҹ’Ӯ NAPOLEON'S Old Guardрҹ’Ӯрҹ’Ӯ,"Feb 5, 2026",91,0
2026-04-06,cBGEZYZtywI,рҹ’Ӯрҹ’Ӯ NAPOLEON'S Old Guardрҹ’Ӯрҹ’Ӯ,"Feb 5, 2026",91,0
2026-04-07,cBGEZYZtywI,рҹ’Ӯрҹ’Ӯ NAPOLEON'S Old Guardрҹ’Ӯрҹ’Ӯ,"Feb 5, 2026",91,0
2026-04-08,cBGEZYZtywI,рҹ’Ӯрҹ’Ӯ NAPOLEON'S Old Guardрҹ’Ӯрҹ’Ӯ,"Feb 5, 2026",91,0
