Content,Video title,Video publish time,Duration,Engaged views,Average percentage viewed (%),Stayed to watch (%),Unique viewers,New viewers,Returning viewers,Casual viewers,Regular viewers,Hypes,Hype points,Subscribers gained,Subscribers lost,Likes,Dislikes,Likes (vs. dislikes) (%),Shares,Comments added,RPM (USD),Rubies,End screen element clicks,End screen elements shown,Clicks per end screen element shown (%),Card clicks,Cards shown,Clicks per card shown (%),Card teaser clicks,Card teasers shown,Teaser clicks per card teaser shown (%),Community clip views,Watch time from community clips (hours),Remix count,Remix views,Post subscribers,Views from playlist,YouTube Premium views,YouTube Premium watch time (hours),Views,Watch time (hours),Subscribers,Estimated revenue (USD),Average view duration,Impressions,Impressions click-through rate (%)
Total,,,,100775,58.82,60.26,59389,44561,14715,13971,744,0,0,327,1,8193,158,98.11,397,242,0.207,0,0,0,0,0,0,0,0,0,0,0,0,1,1352,0,60,19716,157.4151,190756,1486.4618,326,20.693,0:00:52,638283,5.31
69FnVhqdsxQ,The Old Guard: Giants of War 🇫🇷,"Feb 8, 2026",80,6488,67.48,73.19,6158,3418,2734,2600,134,0,0,16,0,460,4,99.14,20,9,0.207,0,0,0,,0,0,,0,0,,0,0,,,0,5,1165,10.9162,10898,98.2067,16,1.339,0:00:53,40704,8.04
8Vau9h_A8UU,💀 Black Brunswickers 🏴‍☠️ LEGION of DEATH,"Feb 16, 2026",98,3794,62.26,64.07,3657,1690,1967,1882,85,0,0,10,0,220,8,96.49,18,3,0.24,0,0,0,,0,0,,0,0,,0,0,,,0,,470,5.0709,6224,65.0667,10,0.909,0:01:01,11320,7.58
cBGEZYZtywI,💂💂 NAPOLEON'S Old Guard💂💂,"Feb 5, 2026",91,4186,59.87,81.03,4019,2156,1862,1773,89,0,0,5,0,287,8,97.29,13,3,0.199,0,0,0,,0,0,,0,0,,0,0,,,0,,546,5.3998,6394,63.727,5,0.82,0:00:54,35625,7.87
RNZ9AgXOoTk,🐎Charge of the Polish Lancers at Somosierra🏔️,"Sep 6, 2025",74,4502,72.16,87.63,4011,2800,1193,1166,27,0,0,10,0,250,4,98.43,16,11,0.125,0,0,0,,0,0,,0,0,,0,0,,,0,,546,4.9415,7088,67.0778,10,0.563,0:00:53,35540,9.14
CoQRmFV-c68,Army of DEATH : Black Brunswickers ☠️⚔️,"Jan 26, 2026",108,2389,58.52,65.13,2322,1589,733,724,9,0,0,7,0,143,4,97.28,10,1,0.228,0,0,0,,0,0,,0,0,,0,0,,,0,,427,4.2069,4279,42.4911,7,0.545,0:01:03,1336,3.07
C2rV3wvydDI,Why You Couldn't Join Napoleon's Guard 🇫🇷,"Feb 9, 2026",88,2100,54.2,74.74,1986,887,1097,1044,53,0,0,9,0,167,1,99.4,10,5,0.234,0,0,0,,0,0,,0,0,,0,0,,,0,,324,2.7269,3283,28.1161,9,0.492,0:00:47,9331,7.95
opormdCjYzM,BRUTAL Requirements of the Old Guard ⚔️,"Feb 10, 2026",147,1838,60.24,71.83,1771,778,990,910,80,0,0,8,0,170,3,98.27,2,3,0.252,0,0,0,,0,0,,0,0,,0,0,,,0,,265,3.2547,3096,45.5224,8,0.462,0:01:28,6583,7.35
DPJlBY_IU14,Napoleon’s SWAGGIEST 🎺🐎 Cavalry Trumpeters,"Jan 15, 2026",60,2079,74.63,78.6,1898,324,1574,1542,32,0,0,2,0,258,5,98.1,16,8,0.177,0,0,0,,0,0,,0,0,,0,0,,,0,,418,3.1085,3318,26.0772,2,0.368,0:00:44,13289,10.17
eUNOuGsCG3c,The Emperor's Men 🇫🇷 The Old GUARD,"Mar 3, 2026",147,1174,55.27,77.61,1116,487,626,545,81,0,0,2,0,108,0,100,6,3,0.278,0,0,0,,0,0,,0,0,,0,0,,,0,,201,4.2003,1793,26.6385,2,0.326,0:01:21,6429,7.03
v3sy18T2MbA,Inside the SADDLE of a French Hussar ⚔️,"Mar 14, 2026",164,1487,51.05,81.9,1388,286,1085,939,146,0,0,3,0,149,3,98.03,6,6,0.215,0,0,0,,0,0,,0,0,,0,0,,,0,,206,3.3471,2089,34.7425,3,0.317,0:01:23,11274,7.15
PC_dEhbnex4,🍀 LAWLESS 🇫🇷 🇮🇪 Napoleon’s IRISH,"Feb 14, 2026",104,1424,77.76,80.48,1353,400,954,891,63,0,0,10,0,164,0,100,15,3,0.221,0,0,0,,0,0,,0,0,,0,0,,,0,,215,5.012,2134,32.1446,10,0.315,0:01:20,7134,8.58
LfvbYfWQ-aI,Napoleon’s DESERT Slaughter: Pyramids 1798 ⚔️,"Feb 16, 2026",151,1214,65.95,76.49,1145,322,824,766,58,0,0,3,0,101,2,98.06,5,6,0.249,0,0,0,,0,0,,0,0,,0,0,,,0,,203,4.1426,1968,33.7345,3,0.302,0:01:39,9398,6.75
SnagG7toVn0,Marshal NEY  ⚔️  Bravest of the Brave,"Jan 26, 2026",179,935,49.92,47.99,908,592,315,305,10,0,0,0,0,91,1,98.91,3,7,0.279,0,0,0,,0,0,,0,0,,0,0,,,0,,201,2.4048,2017,23.5893,0,0.26,0:01:29,1431,5.45
BkwbmVWnaNQ,RANKING Napoleonic HATS | The BICORN 💂🇫🇷🎩,"Feb 12, 2026",84,1206,61.77,67.9,1095,176,920,851,69,0,0,5,0,111,3,97.37,1,3,0.202,0,0,0,,0,0,,0,0,,0,0,,,0,1,207,1.7682,1886,17.5512,5,0.244,0:00:51,8991,7.93
SkQ4H5b5TPQ,The Uniform Napoleon Wore at MARENGO 🩸🇫🇷,"Jan 27, 2026",130,990,49.42,73.37,938,683,257,251,6,0,0,11,0,82,0,100,4,0,0.234,0,0,0,,0,0,,0,0,,0,0,,,0,,167,2.4539,1415,17.8278,11,0.236,0:01:04,5665,6.48
omcLj50cj4M,Inside the SADDLE of a French Hussar ⚔️ PT 2,"Mar 14, 2026",145,1177,53.11,76.59,1104,373,723,589,134,0,0,2,0,122,0,100,0,4,0.2,0,0,0,,0,0,,0,0,,0,0,,,0,,179,2.3556,1638,25.346,2,0.231,0:01:17,7301,6.6
ncttD1jFcDo,Napoleon’s GENIUS Trap at Austerlitz 🇫🇷,"Jan 26, 2026",127,790,63.46,62.23,769,572,197,189,8,0,0,2,0,39,3,92.86,0,1,0.29,0,0,0,,0,0,,0,0,,0,0,,,0,,206,2.0658,1474,17.9149,2,0.23,0:01:20,3098,1.78
DJyM4EpPwcc,The Guard Dies; not Surrenders💂🏼🇫🇷,"Feb 9, 2026",43,849,73.63,55.11,797,291,506,450,56,0,0,1,0,78,1,98.73,3,1,0.256,0,0,0,,0,0,,0,0,,0,0,,,0,,204,0.8721,1792,7.7086,1,0.217,0:00:31,4964,7.09
5086ApoZsoU,TOOLS of WAR 🇫🇷 Napoleonic Cavalry (2/2),"Feb 6, 2026",145,1005,46.73,70.9,950,293,657,577,80,0,0,4,0,128,1,99.22,9,4,0.221,0,0,0,,0,0,,0,0,,0,0,,,0,,194,3.0094,1490,19.0896,4,0.213,0:01:07,6574,6.97
Xp3aO_mRDB4,⚔️ Types of Napoleon’s Cavalry,"Aug 30, 2025",157,1302,48.84,72.14,1125,641,469,456,13,0,0,9,1,88,0,100,3,1,0.163,0,0,0,,0,0,,0,0,,0,0,,,0,,143,2.5005,1875,27.9284,8,0.207,0:01:16,15379,5.73
D35DBwMR2zw,How Napoleon CRUSHED Egypt 💀🏜️,"Feb 25, 2026",153,739,66.36,64.45,712,295,418,368,50,0,0,5,0,94,0,100,2,3,0.277,0,0,0,,0,0,,0,0,,0,0,,,0,,136,1.9171,1355,20.9919,5,0.205,0:01:41,5247,4.52
Q9COBYAFpaA,Charlie BUTTHEAD Kirk 🤣,"Aug 9, 2025",11,734,249.05,75.43,648,595,40,39,1,0,0,2,0,24,4,85.71,37,1,0.273,0,0,0,,0,0,,0,0,,0,0,,,0,,119,0.2622,1534,5.6675,2,0.201,0:00:27,2557,8.84
8ixuqtn5cjA,⚔️ General LaSalle 🐎 Napoleonic Cavalry Legend 🇫🇷,"Mar 14, 2026",161,770,66.82,68.13,711,303,405,327,78,0,0,3,0,94,0,100,3,2,0.262,0,0,0,,0,0,,0,0,,0,0,,,0,,127,1.9673,1268,23.1505,3,0.201,0:01:47,2453,7.87
B-U83QBOUJY,TOOLS of WAR 🇫🇷 Napoleonic Cavalry (1/2),"Feb 6, 2026",171,612,42.83,44.88,591,350,241,214,27,0,0,8,0,102,1,99.03,2,4,0.342,0,0,0,,0,0,,0,0,,0,0,,,0,,152,1.3504,1340,12.7496,8,0.196,0:01:13,1272,4.01
gHzevbw6kzA,The Execution of Marshal Ney ⚔️,"Sep 20, 2025",35,1385,98.48,64.45,1242,971,262,257,5,0,0,2,0,57,1,98.28,3,1,0.136,0,0,0,,0,0,,0,0,,0,0,,,0,3,320,1.9464,2612,13.5604,2,0.186,0:00:34,15271,5.23
VrOOO2ydeAc,Napoleon’s ELITE: The Old Guard 🔥,"Feb 10, 2026",87,759,49.64,74.18,732,284,449,405,44,0,0,0,0,61,3,95.31,3,1,0.245,0,0,0,,0,0,,0,0,,0,0,,,0,,131,1.3033,1162,9.2211,0,0.186,0:00:43,4837,4.94
DT_p05ba51E,Napoleon's GENIUS Trap at the Pyramids ⚔️,"Mar 8, 2026",152,581,55.63,65.86,564,319,245,200,45,0,0,3,0,50,0,100,2,0,0.32,0,0,0,,0,0,,0,0,,0,0,,,0,,113,1.7776,1002,13.7659,3,0.185,0:01:24,2344,3.54
IzDS4KQlEaE,We MADE It! 🇫🇷 💂 🐎 🗡️,"Jan 25, 2026",18,965,93.11,55.37,883,210,674,621,53,0,0,0,0,83,4,95.4,5,3,0.19,0,0,0,,0,0,,0,0,,0,0,,,0,,243,0.8844,2121,4.8108,0,0.183,0:00:16,4753,10.08
G4Ljh-Tg4Pg,Marshal Bessières ⚡ 🇫🇷  The CALM Before the Storm,"Jan 28, 2026",158,688,77.45,70.01,662,356,306,295,11,0,0,2,0,89,1,98.89,1,2,0.266,0,0,0,,0,0,,0,0,,0,0,,,0,,147,4.2706,1186,23.5228,2,0.183,0:02:02,2173,7.04
OURY_Z9YWTY,🇫🇷 BLOODY Origin of Capture The Flag 🚩,"Jan 26, 2026",71,962,61.11,63.76,939,636,302,296,6,0,0,0,0,84,3,96.55,2,1,0.18,0,0,0,,0,0,,0,0,,0,0,,,0,,267,1.624,1696,11.8461,0,0.174,0:00:43,887,5.07
liPVi1T2eko,Napoleon's IRISH Legend ☘️🎖️GENERAL William Lawless,"Mar 9, 2026",104,618,71.7,68.19,594,234,353,289,64,0,0,3,0,57,0,100,2,1,0.28,0,0,0,,0,0,,0,0,,0,0,,,0,,117,1.1772,1058,12.9314,3,0.173,0:01:14,2732,6.15
VZpyZorLlVI,Napoleon’s Cavalry ⚔️ Types of Cavalry 🐎,"Nov 8, 2025",144,816,57.57,60.93,769,88,680,673,7,0,0,5,0,30,0,100,4,0,0.213,0,0,0,,0,0,,0,0,,0,0,,,0,3,106,1.0471,1510,18.9922,5,0.173,0:01:22,1726,4.87
JWlU2w26N5E,The Anti-Murat : Bessières EXPLAINED 🛡️,"Feb 16, 2026",158,571,63.8,68.11,550,228,322,294,28,0,0,2,0,74,1,98.67,2,4,0.289,0,0,0,,0,0,,0,0,,0,0,,,0,,94,2.6721,938,16.0923,2,0.165,0:01:40,1232,6.49
EmA9C3T_ae0,NAPOLEON 🐎💥 Battle of the PYRAMIDS,"Mar 3, 2026",177,520,58.68,69.58,499,281,218,188,30,0,0,2,0,41,1,97.62,3,1,0.314,0,0,0,,0,0,,0,0,,0,0,,,0,,79,0.9612,882,15.1077,2,0.164,0:01:43,3600,3.33
uIbMaVjm65I,Napoleon’s IMPOSSIBLE Rise 🇫🇷👑,"Jan 28, 2026",128,546,37.77,64.19,542,425,117,113,4,0,0,6,0,60,1,98.36,0,0,0.295,0,0,0,,0,0,,0,0,,0,0,,,0,,106,0.8846,891,7.46,6,0.161,0:00:48,2348,0.85
666dq66NahA,🇫🇷 NEY  ⚔️  Bravest of the Brave,"Jan 29, 2026",179,698,50.18,68.84,686,519,167,163,4,0,0,3,0,47,1,97.92,1,0,0.229,0,0,0,,0,0,,0,0,,0,0,,,0,,77,1.2894,1101,17.5418,3,0.161,0:01:29,1069,2.62
8ELyg-KffZ4,Marshal Bessières ⚔️  Napoleon's RIGHT HAND MAN,"Feb 24, 2026",159,508,51.45,66.53,490,249,239,220,19,0,0,2,0,71,1,98.61,0,1,0.308,0,0,0,,0,0,,0,0,,0,0,,,0,,94,1.0826,855,11.6385,2,0.156,0:01:21,2091,5.02
h1zK-eFAHdQ,🇫🇷🎺 Napoleon's TROMPETTES 🐎💂,"Jan 19, 2026",60,848,65.75,62.17,791,421,371,350,21,0,0,2,0,75,0,100,6,1,0.183,0,0,0,,0,0,,0,0,,0,0,,,0,,220,2.2918,1576,9.5125,2,0.155,0:00:39,2939,7.52
oT0mZ7uJxo4,AFTER Austerlitz  Pt.3,"Jan 16, 2026",116,812,50.91,78.81,759,204,555,532,23,0,0,1,0,97,1,98.98,4,1,0.181,0,0,0,,0,0,,0,0,,0,0,,,0,,136,1.6299,1227,13.4225,1,0.147,0:00:59,4288,7.79
_UB_YrSHe7Y,Cavalry Trumpeters: Battlefield DRIP 💧🇫🇷,"Jan 27, 2026",60,562,62.67,44.54,545,349,196,190,6,0,0,1,0,50,1,98.04,0,1,0.26,0,0,0,,0,0,,0,0,,0,0,,,0,,208,0.9097,1400,6.1593,1,0.146,0:00:37,1302,3.15
ePc-zlj-hVM,Culture and Lifestyle 🐎⚔️ Napoleon’s Cavalry,"Jan 27, 2026",176,593,38.83,66.67,586,413,173,170,3,0,0,1,0,38,0,100,2,1,0.231,0,0,0,,0,0,,0,0,,0,0,,,0,,110,1.1785,959,11.409,1,0.137,0:01:08,1239,1.86
hlGlE7RJppk,💂 Ranking NAPOLEONIC Hats 🇫🇷 Pt. I,"Feb 12, 2026",81,706,64.64,66,634,59,575,500,75,0,0,2,0,98,1,98.99,5,11,0.194,0,0,0,,0,0,,0,0,,0,0,,,0,1,102,0.723,1213,10.3788,2,0.137,0:00:52,4475,7.78
F83lTgxVrhM,Grand Armeé Collab,"Jan 13, 2026",8,590,129.21,38.84,555,366,189,182,7,0,0,0,0,23,2,92,0,8,0.222,0,0,0,,0,0,,0,0,,0,0,,,0,,229,0.2866,1887,2.1,0,0.131,0:00:10,605,4.13
ilJdh4Ry0DI,*** ETERNAL 🇫🇷🗡️🐎💂,"Jan 24, 2026",21,618,91.2,39.91,589,262,327,309,18,0,0,0,0,52,3,94.55,2,5,0.212,0,0,0,,0,0,,0,0,,0,0,,,0,,255,0.5442,1780,3.6678,0,0.131,0:00:19,2084,7.44
4tUuX0VEaBI,Napoleon’s 🎺🐎 Cavalry Trumpeters,"Feb 6, 2026",60,650,78.08,54.96,625,198,427,367,60,0,0,1,0,66,2,97.06,3,2,0.214,0,0,0,,0,0,,0,0,,0,0,,,0,,118,0.4017,1291,8.6538,1,0.13,0:00:46,3790,7.28
C2wbs65igfw,Lasalle: The Hussar Who WANTED to Die? ⚔️🔥,"Jan 26, 2026",162,618,46.07,52.53,604,371,233,226,7,0,0,1,0,58,0,100,0,2,0.206,0,0,0,,0,0,,0,0,,0,0,,,0,,136,1.2587,1237,13.0544,1,0.127,0:01:14,711,3.52
J8voOomH3xo,Marshal NEY 🇫🇷 Uniform 🐎,"Jan 20, 2026",42,797,72.23,69.33,719,148,571,552,19,0,0,5,0,105,0,100,5,1,0.157,0,0,0,,0,0,,0,0,,0,0,,,0,,139,0.778,1316,6.868,5,0.125,0:00:30,3387,10.57
GL5H1JZjB28,Napoleon’s 4 Most LEGENDARY Marshals! 🇫🇷⚔️,"Mar 5, 2026",102,538,65.4,71.05,497,98,401,324,77,0,0,2,0,47,4,92.16,1,7,0.227,0,0,0,,0,0,,0,0,,0,0,,,0,,106,1.4357,885,10.0636,2,0.122,0:01:06,4504,6.68
 -Jd9Ofk8KJg,After Austerlitz Pt4,"Jan 16, 2026",48,647,66.7,61.91,625,216,408,387,21,0,0,4,0,66,0,100,0,1,0.187,0,0,0,,0,0,,0,0,,0,0,,,0,,133,0.7075,1244,5.9363,4,0.121,0:00:32,2513,6.29
e1kH7M7uL-g,NAPOLEON'S 🇫🇷 Corps System 💂,"Jan 20, 2026",53,493,61.79,50.05,482,307,175,169,6,0,0,1,0,44,1,97.78,2,0,0.244,0,0,0,,0,0,,0,0,,0,0,,,0,,119,0.5381,1098,4.7032,1,0.12,0:00:32,1508,2.12
2SYzfXzcYWg,Napoleon's IRISH GENERAL🇮🇪🇫🇷 William Lawless⚔️,"Feb 16, 2026",105,469,51.42,64.48,450,252,198,183,15,0,0,1,0,49,2,96.08,0,2,0.252,0,0,0,,0,0,,0,0,,0,0,,,0,,78,0.6361,783,7.142,1,0.118,0:00:53,2221,2.61
ekEiyIjmOno,BATTLE of the PYRAMIDS 🐫 🇫🇷,"Mar 9, 2026",177,368,52.1,62.22,350,136,212,169,43,0,0,2,0,22,1,95.65,0,1,0.318,0,0,0,,0,0,,0,0,,0,0,,,0,,72,0.9677,673,9.5133,2,0.117,0:01:32,2672,3.14
NEReEbJtkA8,LEGENDARY Lids 💂 🇫🇷  Grand Armee,"Jan 15, 2026",37,642,66.69,52.05,607,231,375,360,15,0,0,3,0,62,1,98.41,7,1,0.182,0,0,0,,0,0,,0,0,,0,0,,,0,,148,0.4875,1421,4.666,3,0.117,0:00:24,1512,7.01
wwqjsh5AQaI,Napoleon’s Most RECKLESS General 🇫🇷💀,"Jan 30, 2026",162,520,51.41,56.88,502,325,177,169,8,0,0,2,0,41,0,100,1,1,0.225,0,0,0,,0,0,,0,0,,0,0,,,0,,125,1.0966,963,12.1854,2,0.117,0:01:23,1169,4.62
-7po0cJLvGU,"ASH WEDNESDAY ➕ Rome, Sorry. - Napoleon ➕","Feb 18, 2026",11,520,177.72,48.37,511,300,211,183,28,0,0,0,0,35,1,97.22,1,3,0.222,0,0,0,,0,0,,0,0,,0,0,,,0,,222,0.3363,1342,3.0762,0,0.116,0:00:19,761,1.45
fu_t7zeePzc,How Napoleon Broke Europe 🗺️⚔️,"Feb 16, 2026",80,495,51.11,55.24,468,193,275,253,22,0,0,3,0,62,1,98.41,1,0,0.234,0,0,0,,0,0,,0,0,,0,0,,,0,,87,0.5195,941,5.7794,3,0.116,0:00:40,1691,2.54
Av0RxxdJIrY,The Bonapex,"Feb 20, 2026",36,491,60.98,60.5,456,136,322,291,31,0,0,0,0,33,1,97.06,1,2,0.233,0,0,0,,0,0,,0,0,,0,0,,,0,1,113,0.4387,862,3.1073,0,0.114,0:00:21,2999,6.77
_w6206-Ovsw,MARENGO 🩸🇫🇷 Napoleon's Battle UNIFORM,"Feb 9, 2026",130,492,52.94,59.31,458,207,251,237,14,0,0,5,0,47,1,97.92,1,0,0.23,0,0,0,,0,0,,0,0,,0,0,,,0,1,102,1.3073,831,9.5448,5,0.113,0:01:08,1161,4.65
FEv0FeAjkgw,🇫🇷 🎺🐎 Cavalry Trumpeters,"Jan 24, 2026",31,568,63.01,45,541,166,375,359,16,0,0,0,0,50,2,96.15,2,2,0.197,0,0,0,,0,0,,0,0,,0,0,,,0,,150,0.2623,1387,3.3746,0,0.112,0:00:19,2095,6.92
GxtB33C2cq0,Lannes & Murat 🇫🇷 2 Man the DANUBE,"Jan 26, 2026",54,583,110.92,68.8,558,242,316,308,8,0,0,2,0,33,1,97.06,1,1,0.192,0,0,0,,0,0,,0,0,,0,0,,,0,,108,0.5081,1109,9.8207,2,0.112,0:00:59,1858,8.34
acQ3mJnUqGo,GRAND ARMEÉ🇫🇷 🎺🐎 Cavalry Trumpeters,"Feb 10, 2026",31,614,59.13,43.08,587,236,351,304,47,0,0,1,0,44,0,100,6,1,0.181,0,0,0,,0,0,,0,0,,0,0,,,0,,170,0.3168,1501,3.49,1,0.111,0:00:18,1557,6.29
CT0v1T0V5kA,CULTURE 🐎⚔️ Napoleon’s Cavalry,"Feb 1, 2026",176,403,32.9,67.45,383,151,232,212,20,0,0,1,0,43,0,100,3,1,0.233,0,0,0,,0,0,,0,0,,0,0,,,0,,75,0.7187,642,6.6192,1,0.109,0:00:57,983,4.68
rvbj5ljt-ZE,Murat’s Legendary Cavalry Charge at Eylau 🐎,"Feb 4, 2026",137,399,56.76,57.69,383,178,205,183,22,0,0,2,0,41,0,100,1,2,0.285,0,0,0,,0,0,,0,0,,0,0,,,0,2,90,0.8897,782,8.7426,2,0.109,0:01:17,1063,3.1
EcpJJtW2NL4,💂 Hats of the Grand Armeé 🇫🇷,"Feb 3, 2026",37,568,73.58,63.47,533,130,402,347,55,0,0,1,0,71,3,95.95,1,2,0.196,0,0,0,,0,0,,0,0,,0,0,,,0,1,95,0.3865,1098,4.4312,1,0.108,0:00:27,2609,9.47
UJPY2qwhkSk,Napoleonic Cavalry 🇫🇷 GEAR 2/2,"Jan 28, 2026",145,541,48.43,70.87,523,286,237,232,5,0,0,7,0,66,0,100,3,0,0.192,0,0,0,,0,0,,0,0,,0,0,,,0,,84,0.8453,813,10.6713,7,0.104,0:01:10,1189,6.31
_Km2epote0M,Napoleon’s 🎺🐎 Cavalry Trumpeters,"Feb 10, 2026",60,407,61.52,39.11,395,215,180,158,22,0,0,3,0,25,1,96.15,1,0,0.254,0,0,0,,0,0,,0,0,,0,0,,,0,,137,0.5528,1068,4.3929,3,0.104,0:00:36,1497,5.01
7uptKjojIz8,BLACK Brunswickers ☠️ LEGION of DEATH 🇩🇪,"Feb 24, 2026",98,447,62.24,68.52,425,150,272,251,21,0,0,1,0,57,0,100,5,2,0.233,0,0,0,,0,0,,0,0,,0,0,,,0,,59,0.6285,717,7.6581,1,0.104,0:01:00,1275,3.14
ImcU1ShyX_g,General Antoine Lasalle’s PIPE! 🚬🇫🇷,"Feb 4, 2026",92,420,51.58,57.6,405,124,281,252,29,0,0,3,0,65,0,100,0,2,0.251,0,0,0,,0,0,,0,0,,0,0,,,0,,102,0.6983,750,5.6562,3,0.102,0:00:47,780,5.77
PRtFW2T9Qu8,The Battalion Carré: DEADLY Strategy 🗺️,"Feb 16, 2026",53,414,61.58,45.31,402,171,231,217,14,0,0,0,0,40,1,97.56,1,1,0.246,0,0,0,,0,0,,0,0,,0,0,,,0,,111,0.4889,991,3.9555,0,0.102,0:00:32,864,3.7
8TvXkeY_oks,Murat: Genius or MADMAN? 🐎💥,"Jan 29, 2026",137,526,58.18,67.57,491,32,459,448,11,0,0,1,0,59,0,100,2,4,0.183,0,0,0,,0,0,,0,0,,0,0,,,0,,95,1.2597,912,11.7434,1,0.096,0:01:19,3201,6.22
E4-oYyj6rSs,Napoleonic Corps System,"Feb 18, 2026",42,563,70.34,58.81,550,170,380,351,29,0,0,1,0,57,2,96.61,2,2,0.169,0,0,0,,0,0,,0,0,,0,0,,,0,,129,0.5895,1133,4.7847,1,0.095,0:00:29,1325,2.42
nS5Opz7vdug,BIRDS EYE VIEW 🇫🇷 AUSTERLITZ,"Feb 25, 2026",126,383,53.79,54.26,372,148,223,201,22,0,0,0,0,41,2,95.35,0,3,0.246,0,0,0,,0,0,,0,0,,0,0,,,0,,67,0.3712,798,7.3533,0,0.095,0:01:07,947,2.43
zWVj-qBcSW8,MARSHALS PT. II 🇫🇷💀MURATS Charge,"Feb 25, 2026",29,478,100.8,54.78,432,146,285,250,35,0,0,1,0,40,0,100,1,2,0.199,0,0,0,,0,0,,0,0,,0,0,,,0,,141,0.4063,1052,4.0544,1,0.095,0:00:29,2709,6.5
_eKT-zrQgxA,Napoleon’s IMPOSSIBLE Rise 🇫🇷👑,"Feb 6, 2026",128,408,32.54,50.75,406,305,101,89,12,0,0,2,0,31,3,91.18,1,1,0.243,0,0,0,,0,0,,0,0,,0,0,,,0,,123,1.598,797,4.8729,2,0.092,0:00:41,1422,1.27
1sV-0J4ZOLU,Napoleon’s GENIUS Formation 🇫🇷⚔️,"Feb 1, 2026",53,447,72.94,44.41,433,316,117,107,10,0,0,1,0,28,0,100,1,2,0.201,0,0,0,,0,0,,0,0,,0,0,,,0,,171,1.4249,1096,5.0389,1,0.092,0:00:38,663,2.71
0aS26-9Xc-w,🇫🇷 🐎 What a French Marshal Wore 💂 ⚔️,"Jan 29, 2026",42,623,59.68,64.15,598,276,322,303,19,0,0,2,0,62,2,96.88,2,1,0.143,0,0,0,,0,0,,0,0,,0,0,,,0,,135,0.6822,1034,4.4856,2,0.09,0:00:25,1661,8.43
UUMr97Feu5s,Marshal Bessières ⚡ 🇫🇷 GUARD Commander,"Feb 3, 2026",158,331,48.83,60.63,320,79,241,207,34,0,0,1,0,52,1,98.11,3,2,0.275,0,0,0,,0,0,,0,0,,0,0,,,0,,71,0.8321,602,7.1775,1,0.088,0:01:17,756,3.31
kXjQxLzSfmU,1805 🇫🇷 ROAD to AUSTERLITZ,"Feb 6, 2026",106,396,48.23,59.82,376,120,256,225,31,0,0,0,0,46,0,100,0,2,0.232,0,0,0,,0,0,,0,0,,0,0,,,0,,68,0.5475,693,5.7438,0,0.088,0:00:51,876,3.77
Cbbi-fQ9YPI,🇫🇷 Capture The Flag 🚩,"Feb 3, 2026",71,424,51.5,60.06,413,302,111,100,11,0,0,1,0,39,2,95.12,2,3,0.208,0,0,0,,0,0,,0,0,,0,0,,,0,,120,0.6837,786,4.4355,1,0.088,0:00:36,818,2.32
FcRzazpXNNY,NAPOLEON ⚔️ 4 tha HOMIEZ 🇫🇷,"Mar 4, 2026",19,325,106,54.56,299,74,224,170,54,0,0,1,0,39,1,97.5,3,2,0.262,0,0,0,,0,0,,0,0,,0,0,,,0,,100,0.204,662,1.9372,1,0.086,0:00:20,981,6.73
h-902PJLUR8,Napoleon Crossing the Alps: TRUTH 🏔️,"Jan 28, 2026",91,343,58.03,58.29,337,255,82,80,2,0,0,4,0,28,1,96.55,0,2,0.242,0,0,0,,0,0,,0,0,,0,0,,,0,,76,0.6117,604,5.1441,4,0.084,0:00:52,1046,2.39
z8v4nTtcuug,Napoleon's Marshals🇫🇷 MURAT 🐎💥,"Feb 1, 2026",149,326,50.21,60.56,325,210,115,98,17,0,0,3,0,31,0,100,0,0,0.233,0,0,0,,0,0,,0,0,,0,0,,,0,,46,0.4303,540,6.8658,3,0.082,0:01:14,753,3.59
CY6nr7jZiac,Napoleon’s GENIUS March Formation 🇫🇷⚔️,"Feb 1, 2026",53,397,61.2,43.45,390,293,97,86,11,0,0,0,0,15,0,100,0,1,0.181,0,0,0,,0,0,,0,0,,0,0,,,0,,154,0.653,998,3.7817,0,0.081,0:00:32,720,2.08
M7AyttURUBY,5 Insane Napoleonic Cavalry Legends 🐎,"Jan 29, 2026",98,405,48.75,65.32,389,171,218,208,10,0,0,2,0,52,0,100,3,2,0.198,0,0,0,,0,0,,0,0,,0,0,,,0,,76,0.5782,640,5.4561,2,0.08,0:00:47,1644,4.68
Rk4tljZ_3cc,NAPOLEON 🇫🇷 SPEACH at the PYRAMIDS🔺,"Feb 28, 2026",82,371,75.62,49.33,367,126,241,215,26,0,0,1,0,38,1,97.44,1,0,0.213,0,0,0,,0,0,,0,0,,0,0,,,0,,78,0.5186,829,6.5442,1,0.079,0:01:02,1953,3.17
rfEq9wwIB7c,AUSTERLITZ 🇫🇷 The GAME,"Jan 30, 2026",56,460,38.05,55.58,409,116,293,271,22,0,0,1,0,43,4,91.49,4,3,0.17,0,0,0,,0,0,,0,0,,0,0,,,0,,76,0.2534,815,2.8587,1,0.078,0:00:21,2372,8.73
OwB4sp88BTM,🇫🇷 Napoleon's IRISH Legion 🇮🇪 GENERAL Lawless⚔️,"Feb 18, 2026",105,357,40.08,53.01,342,59,279,256,23,0,0,0,0,37,1,97.37,1,1,0.215,0,0,0,,0,0,,0,0,,0,0,,,0,,64,0.4143,674,4.3122,0,0.077,0:00:42,1521,2.24
suQE6CJZDeU,Napoleonic Cavalry 💂⚔️🐎 Dragoon Trompette,"Jan 24, 2026",16,446,87.5,38.93,429,126,303,289,14,0,0,0,0,31,0,100,0,1,0.173,0,0,0,,0,0,,0,0,,0,0,,,0,,183,0.2871,1282,2.0223,0,0.077,0:00:14,1975,3.44
XgNdVrYlIxE,Lannes & Murat 🇫🇷 Conquer the DANUBE,"Feb 5, 2026",53,389,61.12,57.44,380,135,243,202,41,0,0,1,0,30,0,100,0,1,0.206,0,0,0,,0,0,,0,0,,0,0,,,0,,86,0.4198,795,3.635,1,0.077,0:00:32,839,4.29
DE8SSeGJO34,Napoleon's OLD GUARD💂🇫🇷,"Feb 9, 2026",72,369,63.53,59.48,347,142,205,185,20,0,0,1,0,36,1,97.3,0,1,0.207,0,0,0,,0,0,,0,0,,0,0,,,0,2,64,0.3744,696,4.7833,1,0.076,0:00:45,2912,4.91
7Ih48sj4BSM,Battle of Lodi: The Spark of Destiny ⚔️,"Feb 3, 2026",61,352,64.45,49.23,336,226,110,94,16,0,0,0,0,17,0,100,4,2,0.222,0,0,0,,0,0,,0,0,,0,0,,,0,,70,0.2641,696,3.9832,0,0.076,0:00:39,829,1.57
YyeHK3AAWyQ,Secret Handshake - Arnold & Gerald,"Dec 11, 2024",2,315,303.36,61.59,283,271,12,12,0,0,0,0,0,1,0,100,6,0,0.243,0,0,0,,0,0,,0,0,,0,0,,,0,,219,0.1123,1191,0.6197,0,0.075,0:00:06,1842,14.66
XxNyRG_DbgU,AFTER Austerlitz  Pt.1,"Jan 15, 2026",58,428,49.57,53.18,419,185,234,222,12,0,0,1,0,46,1,97.87,0,1,0.173,0,0,0,,0,0,,0,0,,0,0,,,0,2,76,0.2775,872,3.5828,1,0.074,0:00:28,912,3.4
UzXwJcAV88U,LINE TORE like PAPER 💂🏼🐎 Enemy FOLDED,"Feb 13, 2026",6,371,145.73,43.89,365,17,348,308,40,0,0,1,0,43,1,97.73,0,1,0.2,0,0,0,,0,0,,0,0,,0,0,,,0,,126,0.111,1223,1.0816,1,0.074,0:00:08,1088,7.26
4tCW2IRRQ6k,AFTER Austerlitz  Pt.2,"Jan 16, 2026",81,410,43.5,54.83,396,184,212,201,11,0,0,3,0,54,0,100,1,0,0.18,0,0,0,,0,0,,0,0,,0,0,,,0,,58,0.4237,793,4.1592,3,0.074,0:00:35,892,2.35
mqvFLRBWgg4,💂 Napoleon's Army 🇫🇷 Weapons + Equipment ⚔️,"Oct 14, 2025",12,561,153.05,66.06,509,404,97,93,4,0,0,5,0,24,0,100,0,0,0.126,0,0,0,,0,0,,0,0,,0,0,,,0,,46,0.0773,1134,2.9805,5,0.07,0:00:18,5107,5.76
XdRa1kYJSGI,The Battle of Austerlitz 💂  🇫🇷,"Feb 2, 2026",119,317,46.5,50.25,309,52,257,231,26,0,0,0,0,29,0,100,0,2,0.224,0,0,0,,0,0,,0,0,,0,0,,,0,,67,0.8415,657,5.0196,0,0.069,0:00:55,990,1.82
UHqH645bOlg,1805 : Austerlitz,"Feb 12, 2026",27,374,84.7,35.49,358,164,194,171,23,0,0,3,0,28,0,100,0,1,0.183,0,0,0,,0,0,,0,0,,0,0,,,0,,105,0.1367,1073,2.6275,3,0.068,0:00:22,1023,4.11
Mn0gEgZFznE,WAR GAMES 🇫🇷 Napoleon Figures,"Feb 11, 2026",29,427,61.66,35.86,403,179,224,186,38,0,0,1,0,38,2,95,0,1,0.159,0,0,0,,0,0,,0,0,,0,0,,,0,,93,0.2372,1247,2.4022,1,0.068,0:00:17,2444,7.41
6PlXPhMm8m8,AUSTERLITZ 💀👑💀 Battle of 3 Emperors,"Feb 16, 2026",126,329,39.26,57.52,317,43,274,249,25,0,0,1,0,23,2,92,0,2,0.207,0,0,0,,0,0,,0,0,,0,0,,,0,,58,0.2286,603,4.6298,1,0.068,0:00:49,1285,1.56
kRUaiGKDOMU,Napoleon Miniatures 🐎 🇫🇷 💂,"Jan 28, 2026",40,377,54.05,41.25,359,82,276,267,9,0,0,1,0,47,0,100,0,0,0.173,0,0,0,,0,0,,0,0,,0,0,,,0,,75,0.1849,969,2.4694,1,0.066,0:00:21,1397,5.51
E6fVNIEg3g8,The Moment Napoleon Became LEGEND 🇫🇷,"Jan 29, 2026",61,359,51.18,52.98,345,49,296,287,9,0,0,2,0,51,1,98.08,0,2,0.181,0,0,0,,0,0,,0,0,,0,0,,,0,2,80,0.5582,696,3.2412,2,0.065,0:00:31,1809,2.93
OXXPT4n3uKs,MARSHAL SOULT 🇫🇷,"Feb 24, 2026",21,360,90.18,56.91,327,95,230,191,39,0,0,3,0,39,0,100,1,2,0.176,0,0,0,,0,0,,0,0,,0,0,,,0,,62,0.118,777,1.9995,3,0.064,0:00:18,2303,6.9
Mj8ik_j9s4g,🇫🇷 BEST Napoleon Channel,"Feb 1, 2026",44,336,40.39,47.24,323,26,297,274,23,0,0,7,0,34,1,97.14,0,0,0.176,0,0,0,,0,0,,0,0,,0,0,,,0,,73,0.1976,715,1.8257,7,0.064,0:00:17,2289,5.46
jY2mOnavrnw,The SEIGE of TOULON - 1793,"Feb 22, 2026",28,320,56.86,33.09,308,150,156,135,21,0,0,0,0,15,1,93.75,1,1,0.197,0,0,0,,0,0,,0,0,,0,0,,,0,1,98,0.1871,992,1.6891,0,0.063,0:00:15,956,0.94
 -F9Dc7iQpXE,Napoleonic Cavalry 🇫🇷 GEAR 1/2,"Jan 27, 2026",164,329,57.22,74.94,315,80,234,223,11,0,0,1,0,52,0,100,0,0,0.192,0,0,0,,0,0,,0,0,,0,0,,,0,,56,0.752,502,8.6349,1,0.063,0:01:33,1480,6.76
JXmE8d5yGZY,WAR GAMES 🇫🇷,"Feb 11, 2026",40,362,56.32,37.67,349,58,290,267,23,0,0,1,0,60,0,100,1,0,0.172,0,0,0,,0,0,,0,0,,0,0,,,0,,68,0.1645,1006,2.519,1,0.062,0:00:22,799,4.76
fVyne1ALr70,NAPOLEON’S Old Guard(board),"Feb 5, 2026",9,379,113.62,34.74,361,117,244,206,38,0,0,0,0,28,4,87.5,1,2,0.172,0,0,0,,0,0,,0,0,,0,0,,,0,2,76,0.0688,1330,1.3221,0,0.062,0:00:10,2719,5.92
P9Q4qf3IFHM,SOULT 🇫🇷 All the Emperors Men,"Mar 3, 2026",20,329,86.68,31.69,318,118,200,165,35,0,0,1,0,21,0,100,1,2,0.186,0,0,0,,0,0,,0,0,,0,0,,,0,,108,0.1819,1128,1.8443,1,0.061,0:00:17,838,5.97
rJf10lihayk,🇫🇷 🐎 Ney’s Golden Empire Habit 💂 ⚔️,"Feb 6, 2026",42,373,82.88,54.81,368,247,121,104,17,0,0,3,0,28,1,96.55,0,1,0.169,0,0,0,,0,0,,0,0,,0,0,,,0,1,59,0.2499,701,3.7399,3,0.06,0:00:34,905,2.1
6ApXkqPRwG8,The Enemy FOLDED💂🏼🇫🇷🏛️,"Feb 5, 2026",9,331,103.95,26.1,323,190,133,100,33,0,0,1,0,23,1,95.83,0,2,0.181,0,0,0,,0,0,,0,0,,0,0,,,0,,117,0.1007,1421,1.2282,1,0.057,0:00:09,1198,4.09
HGX0H3f9jbg,🇫🇷 EPIC Napoleon Channel!,"Jan 30, 2026",44,321,42.63,31.38,313,109,204,196,8,0,0,3,0,39,1,97.5,0,2,0.174,0,0,0,,0,0,,0,0,,0,0,,,0,,98,0.2138,1009,1.9805,3,0.056,0:00:18,1039,4.52
l4r4HOnodpw,Napoleon History Channel 💂🏼 🇫🇷,"Jan 23, 2026",12,330,75.95,33.43,316,225,91,84,7,0,0,3,0,17,1,94.44,0,0,0.167,0,0,0,,0,0,,0,0,,0,0,,,0,,89,0.0789,1039,1.1213,3,0.055,0:00:09,469,3.2
DkOrllc4aCU,"Napoleon’s Brutal ""Whiff of Grapeshot"" 💥🇫🇷","Feb 22, 2026",38,264,46.13,39.91,256,43,215,198,17,0,0,1,0,22,1,95.65,1,1,0.198,0,0,0,,0,0,,0,0,,0,0,,,0,,61,0.1046,659,1.4349,1,0.053,0:00:17,981,2.04
KVipvbh9XpM,Napoleonica 💂 🗡️ 🇫🇷,"Jan 28, 2026",23,355,74.12,34.04,343,246,97,90,7,0,0,0,0,28,1,96.55,0,1,0.146,0,0,0,,0,0,,0,0,,0,0,,,0,,135,0.1926,1071,1.9389,0,0.052,0:00:17,893,3.92
9xmX0UhI2CQ,⚔️ Weapons of Napoleon's Cavalry 🐎,"Sep 11, 2025",170,337,30.11,66.95,302,156,144,144,0,0,0,2,0,24,0,100,0,0,0.15,0,0,0,,0,0,,0,0,,0,0,,,0,,35,0.3499,502,4.9608,2,0.05,0:00:51,5003,4.76
LHXKNV5vXP8,💀 The BLACK Brunswickers 🇩🇪,"Nov 11, 2025",121,319,38.24,79.67,280,154,125,120,5,0,0,0,0,23,1,95.83,1,0,0.154,0,0,0,,0,0,,0,0,,0,0,,,0,,34,0.3608,406,4.1314,0,0.049,0:00:46,3457,5.67
JAhuPXOVBa4,NAPOLEON BONAPARTE 🇫🇷 Rise to Glory!,"Jan 20, 2026",12,345,83.41,38.96,337,140,197,188,9,0,0,0,0,26,0,100,0,0,0.13,0,0,0,,0,0,,0,0,,0,0,,,0,,95,0.1093,1000,1.2105,0,0.045,0:00:10,1502,1.8
5ixv5dZalrM,Napoleon 🇫🇷 Crossing the Alps 🏔️,"Feb 5, 2026",91,215,59.49,52.64,206,75,132,120,12,0,0,1,0,28,1,96.55,0,0,0.22,0,0,0,,0,0,,0,0,,0,0,,,0,,27,0.1286,418,3.2986,1,0.045,0:00:54,903,3.54
h1JejzA-z_A,From the 1805 Video...,"Dec 22, 2025",54,214,84.24,68.59,205,7,195,188,7,0,0,1,0,6,0,100,0,0,0.198,0,0,0,,0,0,,0,0,,0,0,,,0,,23,0.145,392,2.7471,1,0.043,0:00:45,304,1.97
VQVVI1BmNrI,Grand Armee - New Era,"Jan 13, 2026",11,248,105.59,42.93,234,46,188,180,8,0,0,0,0,19,0,100,2,0,0.165,0,0,0,,0,0,,0,0,,0,0,,,0,,76,0.1019,695,0.9291,0,0.041,0:00:11,491,3.46
rC1-JggVk7Q,Imaginary Napoleonic Banknote,"Feb 24, 2026",14,204,144.59,33.58,175,18,157,137,20,0,0,0,0,18,1,94.74,0,0,0.198,0,0,0,,0,0,,0,0,,0,0,,,0,,73,0.1132,672,1.2976,0,0.04,0:00:20,614,3.26
TOyMjMCNm3M,Every 2025 Kentucky Derby Horse descends from Secretariat! 🐎 #KentuckyDerby,"May 3, 2025",24,208,86.98,60.61,189,179,11,11,0,0,0,0,0,6,1,85.71,2,0,0.194,0,0,0,,0,0,,0,0,,0,0,,,0,,39,0.1301,416,1.25,0,0.039,0:00:20,3942,2.21
17PXlGz9MVY,⚔️ Types of Napoleon’s Cavalry Pt. 2,"Aug 31, 2025",179,247,38.68,81.42,218,14,195,189,6,0,0,2,0,19,1,95,0,0,0.16,0,0,0,,0,0,,0,0,,0,0,,,0,,29,0.5497,313,4.7704,2,0.038,0:01:09,3389,5.49
jUh-1GwpSF8,Doo doo do doo 🎶#grafitti #streetart,"Jun 4, 2023",13,301,88.14,20.96,279,271,9,9,0,0,0,1,0,4,0,100,0,0,0.122,0,0,0,,0,0,,0,0,,0,0,,,0,,85,0.0593,1621,1.3329,1,0.037,0:00:11,62,0
JaKLhLopFhk,NAPOLEONIC 🇫🇷 HISTORY,"Nov 14, 2025",7,239,129.63,50.32,239,169,70,69,1,0,0,1,0,0,0,,0,0,0.151,0,0,0,,0,0,,0,0,,0,0,,,0,,19,0.0215,643,0.7054,1,0.036,0:00:09,104,0.96
2DUB9gfmZc0,💂💂 WATCH the NEW Video ABOVE ^^^💂💂,"Feb 11, 2026",15,221,123.12,35.31,209,74,137,111,26,0,0,0,0,16,0,100,0,1,0.163,0,0,0,,0,0,,0,0,,0,0,,,0,,50,0.057,656,1.2859,0,0.036,0:00:18,1579,4.12
nTLRZ5gurrg,Marshal Michel Ney 🐎 Napoleon’s Bravest of the Brave,"Sep 11, 2025",180,229,39.81,53.44,178,97,80,77,3,0,0,0,0,12,0,100,1,0,0.151,0,0,0,,0,0,,0,0,,0,0,,,0,,50,0.5608,422,4.6249,0,0.035,0:01:11,4362,2.52
4NvFmYw9sR8,Drewkey5000 Akira Style : PLUG WALK,"Jul 1, 2025",6,152,149.71,51.61,147,142,3,3,0,0,0,0,0,1,1,50,0,0,0.218,0,0,0,,0,0,,0,0,,0,0,,,0,,41,0.0323,407,0.434,0,0.033,0:00:08,2858,2.24
gc43sgjqIbw,BONaPeX FIATl,"Feb 21, 2026",6,151,136.56,40.92,147,8,139,116,23,0,0,0,0,10,1,90.91,0,0,0.205,0,0,0,,0,0,,0,0,,0,0,,,0,,53,0.0505,470,0.4516,0,0.031,0:00:08,342,1.46
XybGKM2tOXk,Napoleon's Cavalry ⚔️🇫🇷 WEAPONS (1/2),"Feb 3, 2026",164,142,42.9,65.71,135,1,134,114,20,0,0,0,0,29,0,100,2,2,0.211,0,0,0,,0,0,,0,0,,0,0,,,0,,15,0.0656,227,2.8081,0,0.03,0:01:10,845,5.21
ChXansmYhc8,⚔️ AUSTERLITZ 🇫🇷  GAME  ⚔️,"Jan 30, 2026",4,195,256.99,41.01,186,30,156,150,6,0,0,0,0,22,0,100,0,1,0.149,0,0,0,,0,0,,0,0,,0,0,,,0,,67,0.0478,857,0.6827,0,0.03,0:00:10,959,3.23
5tVH1PUETe4,🇫🇷 EPIC Napoleon CONTENT,"Feb 7, 2026",20,106,75.83,29.04,103,31,72,54,18,0,0,0,0,10,2,83.33,0,1,0.283,0,0,0,,0,0,,0,0,,0,0,,,0,,43,0.0723,373,0.5472,0,0.028,0:00:15,644,5.43
kUVs82PtKwQ,Napoleon’s Old Guard💂 Last Veterans of the Empire 🇫🇷,"Jul 31, 2025",151,166,38.35,73.43,150,91,60,58,2,0,0,1,0,13,0,100,0,0,0.165,0,0,0,,0,0,,0,0,,0,0,,,0,,21,0.1853,237,2.6916,1,0.027,0:00:57,2871,4.25
tF70HCDQK8M,🇫🇷 Napoleon's Men ⚔️ Joachim Murat💂,"Sep 3, 2025",137,116,34.49,56.08,70,51,19,15,4,0,0,1,0,4,0,100,0,0,0.228,0,0,0,,0,0,,0,0,,0,0,,,0,,22,0.2592,208,1.5596,1,0.026,0:00:47,1950,2.62
wFolNH413ME,💂REAL Photos of NAPOLEON'S Old Guard🇫🇷,"Sep 19, 2025",179,150,26.26,60.08,138,100,38,36,2,0,0,0,0,4,1,80,0,0,0.16,0,0,0,,0,0,,0,0,,0,0,,,0,,18,0.0768,243,1.9972,0,0.024,0:00:47,2729,3.15
IB8EubjfYgc,Napoleon 👉 Corps System,"Oct 27, 2025",81,152,88.81,81.01,133,47,86,80,6,0,0,1,0,5,0,100,0,0,0.164,0,0,0,,0,0,,0,0,,0,0,,,0,,16,0.171,221,3.0507,1,0.024,0:01:11,1405,7.9
IRtKQkMbqXE,The REBEL Black Brunswickers,"Dec 17, 2025",119,100,42.88,66.18,90,47,41,40,1,0,0,0,0,5,0,100,3,0,0.231,0,0,0,,0,0,,0,0,,0,0,,,0,,18,0.2642,159,1.4386,0,0.022,0:00:51,851,6.82
rqZVsggSKNc,Napoleon's Cavalry ⚔️🇫🇷 WEAPONS (2/2),"Feb 3, 2026",145,94,49,56.1,87,4,83,68,15,0,0,0,0,18,0,100,0,0,0.245,0,0,0,,0,0,,0,0,,0,0,,,0,,10,0.1263,169,1.8834,0,0.022,0:01:11,769,3.51
FrcEVTqCcsA,Don Draper 🥃 Mad Men,"Aug 9, 2025",24,147,79.94,61.8,133,126,5,5,0,0,0,0,0,6,0,100,0,0,0.151,0,0,0,,0,0,,0,0,,0,0,,,0,,35,0.1033,295,0.8311,0,0.021,0:00:19,6131,1.61
QMigFMem_q4,Marshal Ney ⚔️ Cavalry Charge at Eylau 🐎,"Sep 22, 2025",36,113,65.58,63.64,93,54,41,39,2,0,0,0,0,2,0,100,0,0,0.168,0,0,0,,0,0,,0,0,,0,0,,,0,,16,0.0317,213,0.7614,0,0.019,0:00:23,2174,2.39
JoaaxoqrpGE,Murat’s Legendary Cavalry Charge at Eylau 🐎,"Sep 21, 2025",36,135,79.89,62.63,126,84,38,36,2,0,0,0,0,4,1,80,0,0,0.125,0,0,0,,0,0,,0,0,,0,0,,,0,,27,0.1027,270,1.1052,0,0.018,0:00:28,2154,3.34
sPIz628WhHE,🔥👑 Rise and Fall of Joachim Murat✨🐎,"Sep 7, 2025",45,96,56.18,47.06,66,44,21,20,1,0,0,1,0,4,1,80,0,0,0.191,0,0,0,,0,0,,0,0,,0,0,,,0,,31,0.0867,224,0.7116,1,0.018,0:00:25,2075,2.27
KvE0D48urH8,Every 2025 Kentucky Derby Horse Is Related to Secretariat?! 🐎 #KentuckyDerby,"May 3, 2025",29,88,82.27,68.87,80,72,9,9,0,0,0,0,0,2,0,100,1,0,0.214,0,0,0,,0,0,,0,0,,0,0,,,0,,12,0.0904,152,0.5944,0,0.018,0:00:23,1298,2.77
9Fxz5cKI3CE,General LaSalle 💂 Napoleon's Hussar Legend 🐎,"Sep 23, 2025",31,139,81.24,54.98,132,76,56,54,2,0,0,0,0,7,0,100,0,0,0.126,0,0,0,,0,0,,0,0,,0,0,,,0,,34,0.1253,316,1.0188,0,0.017,0:00:25,2217,4.19
DK50WRuuB24,Joachim Murat 🐎 Napoleon’s Cavalry Legend ⚔️,"Sep 11, 2025",136,95,47.55,50.31,72,48,22,19,3,0,0,0,0,5,1,83.33,0,0,0.185,0,0,0,,0,0,,0,0,,0,0,,,0,,19,0.0552,199,1.7406,0,0.017,0:01:04,2062,2.72
 -B4m2BY3MrI,Cavalry Charge at Somosierra 🐎,"Sep 7, 2025",79,161,75.93,59,148,64,82,81,1,0,0,2,0,7,0,100,0,0,0.104,0,0,0,,0,0,,0,0,,0,0,,,0,,39,0.3091,294,2.7218,2,0.017,0:00:59,3232,2.91
55pa9LAHhiw,Napoleonic Artifacts 💂⚔️🇫🇷,"Oct 7, 2025",13,92,96.64,68.8,88,65,22,21,1,0,0,0,0,2,0,100,0,0,0.18,0,0,0,,0,0,,0,0,,0,0,,,0,,7,0.0149,192,0.3379,0,0.017,0:00:12,951,5.57
f_Ryw-d2soI,🌟 The Polish Lancers at Somosierra 🐎,"Sep 8, 2025",82,144,50.07,71.51,133,36,94,88,6,0,0,0,0,7,0,100,0,0,0.115,0,0,0,,0,0,,0,0,,0,0,,,0,,13,0.1442,223,1.6606,0,0.017,0:00:41,2064,3.49
Q_2i79q5Osk,Actually EPIC History 🇫🇷💂,"Dec 29, 2025",20,91,73.65,54.88,87,2,84,80,4,0,0,0,0,9,0,100,1,0,0.167,0,0,0,,0,0,,0,0,,0,0,,,0,,22,0.0521,198,0.409,0,0.015,0:00:14,366,3.28
Juv-1MnDEnc,Roy Kent - here he's there he's every ...,"Mar 26, 2025",73,97,29.43,76.4,92,92,0,0,0,0,0,0,0,1,0,100,1,0,0.16,0,0,0,,0,0,,0,0,,0,0,,,0,,10,0.0401,126,0.5919,0,0.015,0:00:21,558,2.87
WCXwvMtcSE4,Napoleonic Wars 🇫🇷💂⚔️,"Dec 30, 2025",35,96,51.02,59.63,87,4,83,76,7,0,0,0,0,8,0,100,0,0,0.156,0,0,0,,0,0,,0,0,,0,0,,,0,,16,0.0514,173,0.5069,0,0.015,0:00:17,808,5.2
D6tMiaTO1Ho,Napoleon + Desaix 🇫🇷 Battle of Marengo,"Oct 5, 2025",133,228,52.83,56.16,88,52,36,34,2,0,0,0,0,5,0,100,0,0,0.066,0,0,0,,0,0,,0,0,,0,0,,,0,,158,3.6395,294,4.4724,0,0.014,0:01:10,1816,8.31
9aKicaeV4Xc,🔥Weapons of Napoleon’s Cavalry ⚔️,"Sep 2, 2025",171,84,38.52,54,76,40,35,35,0,0,0,1,0,5,1,83.33,0,0,0.167,0,0,0,,0,0,,0,0,,0,0,,,0,,9,0.1693,149,1.5632,1,0.014,0:01:05,1558,3.47
bgiuWocDTCs,MOCHAKK ✨🏙️ Brooklyn NYC!,"Jun 22, 2025",29,48,73.42,73.68,41,38,3,3,0,0,0,0,0,1,0,100,1,0,0.298,0,0,0,,0,0,,0,0,,0,0,,,0,,13,0.0438,69,0.2903,0,0.014,0:00:21,445,6.97
iX92uf6IMx8,Truly EPIC Napoleon 🇫🇷,"Dec 29, 2025",15,80,109.94,54.48,74,1,73,69,4,0,0,0,0,3,0,100,1,0,0.163,0,0,0,,0,0,,0,0,,0,0,,,0,,21,0.0428,198,0.3981,0,0.013,0:00:16,323,1.86
GdzSFEBjicM,🇩🇪 Brunswickers✨Sieg Oder Tod,"Dec 6, 2025",7,105,168.18,70.07,93,42,51,51,0,0,0,0,0,2,0,100,0,0,0.117,0,0,0,,0,0,,0,0,,0,0,,,0,,10,0.0086,262,0.3682,0,0.012,0:00:11,846,5.2
HRulqSeZSlQ,AOL Buddy Icons 🖥️😂 Y2K Nostalgia,"Aug 21, 2025",8,38,176.78,61.4,34,33,1,1,0,0,0,0,0,0,0,,3,1,0.297,0,0,0,,0,0,,0,0,,0,0,,,0,,17,0.0253,97,0.156,0,0.011,0:00:14,431,4.18
1XmlhAa2k58,💀 Black Brunswickers 🏴‍☠️: Napoleon's Nightmare,"Dec 10, 2025",137,58,35.54,69.86,53,29,24,24,0,0,0,0,0,2,0,100,0,0,0.19,0,0,0,,0,0,,0,0,,0,0,,,0,,4,0.0261,79,0.7933,0,0.011,0:00:48,890,4.27
wl0sxYOUG-E,Deleted Scene from ‘Sopranos Home Movies’ Season 6 : Happy 4th! #jamesgandolfini #tonysoprano #hbo,"Jul 4, 2023",23,40,90.07,59.38,35,35,0,0,0,0,0,0,0,4,0,100,0,0,0.306,0,0,0,,0,0,,0,0,,0,0,,,0,,17,0.041,86,0.2422,0,0.011,0:00:20,1044,2.3
1_uDy0Suibc,🇫🇷 SICK Napoleon Channel,"Feb 3, 2026",20,48,72.17,35.29,47,9,38,29,9,0,0,0,0,5,0,100,0,0,0.208,0,0,0,,0,0,,0,0,,0,0,,,0,,13,0.0184,147,0.2293,0,0.01,0:00:14,368,2.45
NkPCnOKJ0bs,Infant LINE 🇫🇷💂🏼,"Jan 13, 2026",2,53,431.24,46.49,52,0,52,48,4,0,0,0,0,4,0,100,0,0,0.189,0,0,0,,0,0,,0,0,,0,0,,,0,,38,0.0176,315,0.1529,0,0.01,0:00:08,288,2.78
lvgTSBvvUOM,Marshal Bessières ⚔️  Napoleon's Steadfast Cavalry Leader,"Dec 20, 2025",158,45,43.83,64.52,33,18,15,14,1,0,0,1,0,4,0,100,0,0,0.2,0,0,0,,0,0,,0,0,,0,0,,,0,,3,0.0375,78,0.8734,1,0.009,0:01:09,648,4.78
6EqPBr8u28Q,Napoleon's Relics ⚜️ Marshal Ney’s Cloak,"Sep 30, 2025",45,58,63.88,80.6,51,19,32,31,1,0,0,0,0,1,0,100,0,0,0.155,0,0,0,,0,0,,0,0,,0,0,,,0,,12,0.0867,81,0.468,0,0.009,0:00:28,614,5.21
yV3JZAO6s3w,NAPOLEONIC 🇫🇷 HISTORY,"Nov 13, 2025",8,57,193.06,47.9,55,19,36,36,0,0,0,1,0,2,0,100,0,0,0.158,0,0,0,,0,0,,0,0,,0,0,,,0,,4,0.0028,161,0.2731,1,0.009,0:00:15,111,0
ghXpB_c3dag,"If you hate AI, we’ll miss you. Everyone else, we’re building Napoleon’s empire together in ‘26","Dec 28, 2025",20,49,91.4,64.47,46,0,46,43,3,0,0,0,0,3,0,100,0,0,0.184,0,0,0,,0,0,,0,0,,0,0,,,0,,8,0.0229,94,0.2613,0,0.009,0:00:18,332,3.61
cJkHBtCmvJM,What Did Napoleon ACTUALLY Look Like? 🇫🇷,"Nov 30, 2025",109,65,56.99,67.92,63,53,8,7,1,0,0,0,0,1,0,100,0,0,0.129,0,0,0,,0,0,,0,0,,0,0,,,0,,9,0.166,86,1.1276,0,0.009,0:01:02,419,1.43
DTJbdvNw8e4,General Lasalle’s PIPE! 🚬🇫🇷,"Jan 28, 2026",92,67,62.27,54.17,61,4,57,55,2,0,0,0,0,11,0,100,0,2,0.134,0,0,0,,0,0,,0,0,,0,0,,,0,,15,0.0871,127,1.0824,0,0.009,0:00:57,384,3.65
7V2smucBnDc,Arnold & Gerald Secret Handshake,"Mar 5, 2023",11,89,77.48,36.08,83,69,14,13,1,0,0,0,0,0,0,,1,0,0.094,0,0,0,,0,0,,0,0,,0,0,,,0,,30,0.0594,162,0.2415,0,0.009,0:00:08,869,4.6
25H4yt1rIu4,What did Napoleon LOOK like?,"Dec 16, 2025",109,50,59.16,68.49,45,35,8,7,1,0,0,0,0,4,0,100,0,0,0.15,0,0,0,,0,0,,0,0,,0,0,,,0,,9,0.1758,79,0.9042,0,0.009,0:01:04,583,3.77
SwmI0kjzaW4,90s Trey - Phunk Phish,"Aug 31, 2024",9,20,212.56,83.33,16,15,1,1,0,0,0,0,0,1,0,100,0,0,0.4,0,0,0,,0,0,,0,0,,0,0,,,0,,2,0.0024,54,0.1086,0,0.008,0:00:19,215,6.51
La30xyY4F9I,Fairytale of New York,"Dec 24, 2024",38,52,52.57,43.48,45,38,7,7,0,0,0,0,0,-1,0,100,0,0,0.154,0,0,0,,0,0,,0,0,,0,0,,,0,,7,0.0161,129,0.3131,0,0.008,0:00:19,1192,1.17
txXOtoGYNVA,NAPOLEON HISTORY,"Jan 13, 2026",34,51,47.35,60.71,46,0,46,41,5,0,0,0,0,7,0,100,0,0,0.157,0,0,0,,0,0,,0,0,,0,0,,,0,,10,0.0439,91,0.2412,0,0.008,0:00:16,415,6.02
Iv0LshuPxCQ,AIM : AOL Instant Nostalgia,"Dec 13, 2024",8,23,225.39,76.67,21,21,0,0,0,0,0,0,0,1,0,100,0,0,0.35,0,0,0,,0,0,,0,0,,0,0,,,0,,9,0.0143,68,0.117,0,0.008,0:00:18,332,4.22
OpWpqWkmXGI,Capture the Flag 🇫🇷 Napoleonic Origins,"Oct 13, 2025",85,51,53.23,74.6,46,34,11,11,0,0,0,0,0,1,0,100,0,0,0.163,0,0,0,,0,0,,0,0,,0,0,,,0,,4,0.0589,70,0.6498,0,0.008,0:00:45,627,5.42
GMLK4krnwu8,🇫🇷 Napoleonic Capture the Flag  🚩,"Nov 16, 2025",72,47,52.28,58.93,41,3,37,35,2,0,0,0,0,-3,0,100,0,0,0.17,0,0,0,,0,0,,0,0,,0,0,,,0,1,9,0.0347,79,0.5032,0,0.008,0:00:37,542,3.14
AFNLdPL17qI,⚔️ General La Salle 💂 Napoleon's Hussar 🐎,"Sep 9, 2025",175,58,39.6,46.23,55,28,26,24,2,0,0,0,0,4,0,100,1,0,0.118,0,0,0,,0,0,,0,0,,0,0,,,0,,4,0.0016,123,1.1373,0,0.008,0:01:09,1503,2.33
bT0T3ORCAo8,MARSHALS PT. II 🇫🇷💀Mu  Charge,"Feb 25, 2026",29,20,51.13,13.07,20,12,8,8,0,0,0,0,0,3,0,100,0,0,0.35,0,0,0,,0,0,,0,0,,0,0,,,0,,15,0.0247,145,0.1294,0,0.007,0:00:14,30,10
xLcCAe1-lBI,SPLINE SHORTS - Spline Lessons in 1 minute : #1 RESET Objects #spline #tutorial #motiongraphics,"Aug 26, 2024",60,65,58.63,66.15,59,55,4,4,0,0,0,0,0,2,0,100,0,0,0.109,0,0,0,,0,0,,0,0,,0,0,,,0,,14,0.1167,87,0.6444,0,0.007,0:00:35,636,2.36
RVHLXMT5SLE,Marshal Ney’s Uniform,"Oct 2, 2025",41,52,78.63,79.31,46,22,24,23,1,0,0,1,0,1,0,100,0,0,0.149,0,0,0,,0,0,,0,0,,0,0,,,0,,6,0.0459,73,0.4706,1,0.007,0:00:32,442,7.69
U4__-2KGJok,💥 The Polish Lancers at Somosierra ⚔️,"Sep 6, 2025",73,51,47.49,59.72,45,15,29,29,0,0,0,0,0,2,0,100,0,0,0.12,0,0,0,,0,0,,0,0,,0,0,,,0,,5,0.0087,92,0.5051,0,0.007,0:00:34,1144,1.22
xBr_cSZPADU,⚽ LEGENDARY Roy Kent💥,"Aug 10, 2025",74,52,41.08,88.46,50,51,2,2,0,0,0,0,0,1,0,100,0,0,0.115,0,0,0,,0,0,,0,0,,0,0,,,0,,2,0.0061,62,0.4411,0,0.006,0:00:30,67,2.99
RqjhsRzr36E,the BEST VIDEO FX app : HYPERSPEKTIV is top 5 in my content creation workflow ! #edit #effects #mac,"Jun 20, 2023",33,47,39.76,66.2,33,21,10,10,0,0,0,1,0,1,0,100,0,0,0.143,0,0,0,,0,0,,0,0,,0,0,,,0,,1,0.0018,82,0.1844,1,0.006,0:00:13,683,3.95
r5ZEShoVbPs,Grateful Dead Movie Animation 2/2,"Feb 16, 2025",50,23,57.73,65.52,23,19,4,4,0,0,0,0,0,2,0,100,1,0,0.261,0,0,0,,0,0,,0,0,,0,0,,,0,,6,0.0223,38,0.1876,0,0.006,0:00:28,303,4.62
npclQ9fe0G4,CAVALRY CHARGE at SOMOSIERRA - Full Video OUT NOW!,"Jan 18, 2025",57,48,66.93,60.56,47,22,25,24,1,0,0,0,0,4,0,100,0,0,0.111,0,0,0,,0,0,,0,0,,0,0,,,0,,6,0.0571,88,0.5194,0,0.006,0:00:38,1061,3.3
VmUVpZTP9Jk,Simpson’s Family Portrait #grafitti #popculture #thesimpsons #art,"Apr 26, 2023",30,47,70.73,34.06,47,45,2,2,0,0,0,0,0,1,0,100,0,0,0.109,0,0,0,,0,0,,0,0,,0,0,,,0,,12,0.0327,164,0.316,0,0.005,0:00:21,923,0.33
6XNSceRr7cw,Marshal Murat 🐎 Battle of Eylau,"Sep 23, 2025",55,34,69.8,73.68,32,16,16,15,1,0,0,0,0,1,0,100,0,0,0.152,0,0,0,,0,0,,0,0,,0,0,,,0,,6,0.0549,55,0.3665,0,0.005,0:00:38,667,2.55
 -gGFWGtR_t4,🔥 Napoleonic Relics,"Nov 18, 2025",42,31,58.22,67.65,26,8,19,17,2,0,0,0,0,-1,0,100,1,0,0.167,0,0,0,,0,0,,0,0,,0,0,,,0,,4,0.0175,42,0.2146,0,0.005,0:00:24,332,5.72
SGhA7NEtiKg,A Kentucky Derby Legacy : Secretariat 🐎 #KentuckyDerby,"May 3, 2025",27,23,61.05,46.34,23,21,1,1,0,0,0,1,0,2,0,100,0,0,0.238,0,0,0,,0,0,,0,0,,0,0,,,0,,4,0.0084,48,0.1146,1,0.005,0:00:16,3380,0.56
BYf3FvdMvS8,🇫🇷 General Bonaparte's Uniform from Marengo,"Oct 4, 2025",89,36,60.69,67.92,33,21,12,12,0,0,0,1,0,5,0,100,0,0,0.139,0,0,0,,0,0,,0,0,,0,0,,,0,,8,0.101,60,0.547,1,0.005,0:00:54,596,3.86
9Z9CGuXUSfo,Grateful Dead Movie Animation,"Feb 15, 2025",52,22,46.11,61.9,21,21,1,1,0,0,0,0,0,0,0,,1,0,0.2,0,0,0,,0,0,,0,0,,0,0,,,0,,2,0.0062,30,0.1504,0,0.005,0:00:23,273,2.56
MOI7dmuQOzE,🐎 Michel Ney Becomes Marshal Ney ⚔️,"Sep 22, 2025",27,27,88.27,48,25,8,17,16,1,0,0,0,0,0,0,,0,0,0.182,0,0,0,,0,0,,0,0,,0,0,,,0,,3,0.0019,66,0.1882,0,0.005,0:00:23,522,2.68
aCvDuvBe4TI,🐎 Legends in Napoleon's Cavalry ⚔️,"Oct 17, 2025",88,39,49.89,47.5,36,16,20,19,1,0,0,0,0,3,0,100,0,0,0.132,0,0,0,,0,0,,0,0,,0,0,,,0,,5,0.0253,93,0.4922,0,0.005,0:00:43,973,2.47
xycEx43QRgI,Napoleon's Thunderbolts 🐎 Cavalry in Battle,"Sep 6, 2025",40,16,48.84,42.11,14,8,6,6,0,0,0,0,0,0,0,,0,0,0.25,0,0,0,,0,0,,0,0,,0,0,,,0,,6,0.0152,40,0.0975,0,0.004,0:00:19,892,0.78
MGoyI4BEUw4,Culture 🇫🇷🐎 Napoleonic Cavalry (3/3),"Nov 21, 2025",60,35,41.22,68.75,31,4,27,25,2,0,0,0,0,4,0,100,0,0,0.114,0,0,0,,0,0,,0,0,,0,0,,,0,,3,0.006,56,0.2456,0,0.004,0:00:24,318,4.72
LQYv1QQhs40,BROOKLYN Shredders #NYC #Skateboarding,"May 14, 2023",12,13,139.47,59.09,11,11,0,0,0,0,0,0,0,0,0,,0,0,0.3,0,0,0,,0,0,,0,0,,0,0,,,0,,6,0.0077,31,0.0636,0,0.004,0:00:16,115,0.87
6iBuG0iovUs,Napoleon’s Secret 🇫🇷 The Corps System,"Oct 26, 2025",81,48,70.83,79.31,34,20,14,13,1,0,0,0,0,7,0,100,0,0,0.083,0,0,0,,0,0,,0,0,,0,0,,,0,,5,0.061,73,0.7704,0,0.004,0:00:57,581,4.99
IxpSDAKlFE0,Before AUSTERLITZ Pt. 4,"Dec 20, 2025",34,25,62.98,44.64,24,0,24,22,2,0,0,0,0,3,0,100,0,0,0.16,0,0,0,,0,0,,0,0,,0,0,,,0,,4,0.0102,66,0.1619,0,0.004,0:00:21,210,2.38
Xg9w0Eya3OI,⚜️ Desaix at Marengo,"Oct 4, 2025",116,38,51.72,51.43,37,26,11,11,0,0,0,0,0,-1,1,,0,0,0.111,0,0,0,,0,0,,0,0,,0,0,,,0,,13,0.0407,86,0.6475,0,0.004,0:00:59,865,1.97
1WjMquAdpUM,Design & Sell you own Mesh Basketball Shorts with Print on Demand Automation,"Sep 18, 2023",45,35,77.17,76.47,32,30,2,2,0,0,0,0,0,0,0,,1,0,0.114,0,0,0,,0,0,,0,0,,0,0,,,0,,7,0.0492,43,0.3404,0,0.004,0:00:34,231,9.52
 -Rd7DSQoq6Y,All 2025 Kentucky Derby Horses descend from Secretariat! 🐎 #KentuckyDerby,"May 4, 2025",29,17,65.65,48,16,15,2,2,0,0,0,0,0,0,0,,0,0,0.214,0,0,0,,0,0,,0,0,,0,0,,,0,,2,0.0013,32,0.0946,0,0.004,0:00:19,358,1.12
OTRI8-MlFYo,Marshal Ney⚔️🐎 Napoleon’s Bravest General,"Sep 20, 2025",179,17,44.49,72.73,14,8,6,6,0,0,0,2,0,4,0,100,0,0,0.25,0,0,0,,0,0,,0,0,,0,0,,,0,,2,0.0615,23,0.3792,2,0.004,0:01:19,269,4.83
ryXmcBz5yyQ,🔥Black Brunswickers✨,"Nov 12, 2025",108,37,37.07,58.54,32,20,12,12,0,0,0,0,0,2,0,100,2,0,0.114,0,0,0,,0,0,,0,0,,0,0,,,0,,1,0.0299,57,0.4171,0,0.004,0:00:40,390,3.33
_Y9W3Thlgrs,Napoleon 🐪 EGYPT,"Dec 23, 2025",11,30,171.78,56.6,27,1,26,23,3,0,0,0,0,3,0,100,0,0,0.133,0,0,0,,0,0,,0,0,,0,0,,,0,,8,0.0116,73,0.1677,0,0.004,0:00:18,174,1.72
42TVd6Wtttc,Napoleon’s Cavalry ⚔️ Weapons & Equipment,"Sep 19, 2025",169,25,42.02,52.17,22,13,9,8,1,0,0,0,0,0,0,,0,0,0.182,0,0,0,,0,0,,0,0,,0,0,,,0,,3,0.0065,48,0.5006,0,0.004,0:01:11,646,1.55
AY6yVDVbABw,AI SLOP or a Look into the Past?,"Dec 6, 2025",42,28,73.16,38.03,26,21,5,4,1,0,0,0,0,2,0,100,1,0,0.143,0,0,0,,0,0,,0,0,,0,0,,,0,,9,0.0057,74,0.2559,0,0.004,0:00:30,155,0.65
Hr_T_GCQfzs,1805 🇫🇷 The Road to AUSTERLITZ,"Nov 17, 2025",177,14,34.78,72.22,13,5,8,5,3,0,0,0,0,-1,0,100,0,0,0.286,0,0,0,,0,0,,0,0,,0,0,,,0,,4,0.0495,24,0.2404,0,0.004,0:01:01,235,1.28
5twKSKHXVbI,Slopoleon Bronaparte,"Dec 23, 2025",42,24,77.7,47.5,16,2,14,12,2,0,0,0,0,1,0,100,0,0,0.167,0,0,0,,0,0,,0,0,,0,0,,,0,,4,0.013,48,0.2244,0,0.004,0:00:32,309,3.88
iZYtwc62Qnw,Napoleon at Marengo ⚜️ The Death of Desaix,"Oct 18, 2025",127,38,44.23,43.59,35,25,10,10,0,0,0,0,0,0,0,,2,0,0.105,0,0,0,,0,0,,0,0,,0,0,,,0,,7,0.0245,79,0.6078,0,0.004,0:00:56,604,2.98
JuYDC_qxckM,🇫🇷💂🏼⚔️ CAPTURE the FLAG,"Dec 24, 2025",88,22,47.65,64.52,22,5,17,16,1,0,0,0,0,3,0,100,0,0,0.136,0,0,0,,0,0,,0,0,,0,0,,,0,,4,0.0478,36,0.2601,0,0.003,0:00:41,334,2.4
_wtedtE_P8o,Napoleon's Relics ⚜️ Lasalle’s Pipe + Sabre,"Oct 1, 2025",64,22,51.91,76,20,8,12,12,0,0,0,0,0,1,0,100,0,0,0.143,0,0,0,,0,0,,0,0,,0,0,,,0,,3,0.0304,29,0.2057,0,0.003,0:00:33,246,3.25
3Yki_Xuz0iM,Napoleon's Strategy 🇫🇷 Bataillon Carré 💂,"Oct 16, 2025",66,46,69.38,83.33,37,30,6,6,0,0,0,1,0,1,0,100,0,0,0.075,0,0,0,,0,0,,0,0,,0,0,,,0,,8,0.2683,52,0.5857,1,0.003,0:00:45,185,5.95
bqPb77V--zA,"Metropolitan & Graham, Brooklyn NYC","Jan 26, 2025",12,7,95.89,87.5,6,6,0,0,0,0,0,0,0,0,0,,0,0,0.429,0,0,0,,0,0,,0,0,,0,0,,,0,,0,0,10,0.0224,0,0.003,0:00:11,299,1.67
4KF9-JXsWPs,🐎 Last Knights of Europe ⚔️,"Nov 26, 2025",86,18,50.6,77.78,15,4,11,8,3,0,0,0,0,0,0,,0,0,0.167,0,0,0,,0,0,,0,0,,0,0,,,0,1,1,0.0011,27,0.2195,0,0.003,0:00:43,199,4.52
 -Syk-WUw6I4,LASALLE 🇫🇷 Napoleon’s General 🐎 (2/3),"Oct 30, 2025",51,27,63.05,77.14,26,9,17,17,0,0,0,0,0,-1,0,100,0,0,0.111,0,0,0,,0,0,,0,0,,0,0,,,0,,10,0.0729,42,0.2445,0,0.003,0:00:32,537,2.98
rtskDp6fnQw,NAPOLEON ⚔️ 1805 Campaign : AUSTERLITZ 🇫🇷,"Dec 4, 2025",13,17,110.28,36.96,16,4,12,10,2,0,0,0,0,0,0,,0,0,0.125,0,0,0,,0,0,,0,0,,0,0,,,0,,1,0.0002,50,0.0812,0,0.003,0:00:14,286,0
7DBhcWfDQQY,MERCARI Train NYC #mercari #kawaii,"Nov 1, 2024",13,8,67.56,19.51,2,1,1,1,0,0,0,0,0,1,0,100,0,0,0.429,0,0,0,,0,0,,0,0,,0,0,,,0,,0,0,40,0.0328,0,0.003,0:00:08,243,1.23
F4G78tb2TXU,Nelson’s Last Stand ⚓ The Battle of Trafalgar 🇬🇧,"Sep 11, 2025",66,19,58.29,46.43,16,16,0,0,0,0,0,0,0,0,0,,0,0,0.167,0,0,0,,0,0,,0,0,,0,0,,,0,,2,0.0026,32,0.2079,0,0.003,0:00:38,743,0.94
guChMwEAxno,🔥Battle of the Three Emperors✨,"Oct 25, 2025",57,26,65.88,73.33,26,24,2,2,0,0,0,0,0,0,0,,0,0,0.12,0,0,0,,0,0,,0,0,,0,0,,,0,,5,0.015,39,0.2744,0,0.003,0:00:37,745,1.48
TQ-wWHWrSFc,Marshal Murat 🐎 Napoleonic Cavalry Legend ⚔️,"Sep 24, 2025",42,74,81.69,72.5,32,21,11,11,0,0,0,0,0,0,0,,0,0,0.041,0,0,0,,0,0,,0,0,,0,0,,,0,,48,0.4665,100,0.7092,0,0.003,0:00:34,826,7.02
unJwmSuyXbA,🐎 Napoleonic Cavalry Weapons ⚔️,"Sep 29, 2025",161,30,36.84,63.64,27,11,16,15,1,0,0,0,0,1,0,100,0,0,0.103,0,0,0,,0,0,,0,0,,0,0,,,0,,1,0.0007,50,0.5008,0,0.003,0:00:59,426,3.99
CJIp-fk43XI,Supper at Beaucaire 🇫🇷 OUT NOW ^^^,"Dec 24, 2025",24,18,52.07,75,18,1,17,16,1,0,0,0,0,2,0,100,0,0,0.167,0,0,0,,0,0,,0,0,,0,0,,,0,,2,0.0029,25,0.0663,0,0.003,0:00:12,298,1.34
QLtQT5JZ_CY,"NAPOLEON : Luck, Talent or Destiny?","Oct 2, 2025",140,43,22.87,80,40,40,0,0,0,0,0,0,0,0,0,,0,0,0.073,0,0,0,,0,0,,0,0,,0,0,,,0,,1,0.0184,46,0.3838,0,0.003,0:00:32,62,0
dK9DmKl1isU,Napoleonic 🇫🇷 RELICS,"Nov 15, 2025",12,11,77.6,52.38,11,2,9,8,1,0,0,0,0,-1,0,100,0,0,0.273,0,0,0,,0,0,,0,0,,0,0,,,0,,2,0.0045,28,0.0326,0,0.003,0:00:09,89,3.37
WnWA_IkdEt8,Donald Draper Mad Men - House of the Rising Sun,"Mar 27, 2025",24,14,91.55,65,14,13,1,1,0,0,0,0,0,0,0,,0,0,0.214,0,0,0,,0,0,,0,0,,0,0,,,0,,9,0.0394,28,0.088,0,0.003,0:00:21,507,1.38
COhGhgiqIl4,3D Stage Lighting Animation :: Made in Spline #lightdesign #3d,"Jul 25, 2023",14,52,80.99,69.57,51,49,2,2,0,0,0,0,0,1,0,100,0,0,0.058,0,0,0,,0,0,,0,0,,0,0,,,0,,12,0.024,89,0.1763,0,0.003,0:00:11,1066,3.66
W6Fu27j6_Xs,Sopranos 🇮🇹 Pine Barrens,"Dec 2, 2025",16,18,75.68,66.67,17,15,2,2,0,0,0,0,0,2,0,100,0,0,0.176,0,0,0,,0,0,,0,0,,0,0,,,0,,1,0,30,0.0649,0,0.003,0:00:12,432,3.47
yB1-A1rmabw,NAPOLEON Total War - 8 Bit 👾🇫🇷,"Nov 30, 2025",51,24,33.2,50,20,15,5,4,1,0,0,0,0,0,0,,0,0,0.125,0,0,0,,0,0,,0,0,,0,0,,,0,,8,0.0189,47,0.1214,0,0.003,0:00:16,186,6.45
r527I2E4XYk,⚔️ Napoleon's Cavalry Brought to Life 🐎,"Sep 12, 2025",32,18,160.07,40,12,5,5,5,0,0,0,0,0,1,0,100,0,0,0.133,0,0,0,,0,0,,0,0,,0,0,,,0,,3,0.0014,47,0.2654,0,0.003,0:00:51,1679,0.66
Zxqb2ypjUbc,"Bastardized American Version of Irish folk song ""Humours of Whiskey""","Nov 5, 2024",60,8,31.08,66.67,8,8,0,0,0,0,0,0,0,1,0,100,0,0,0.375,0,0,0,,0,0,,0,0,,0,0,,,0,,0,0,13,0.0436,0,0.003,0:00:18,276,1.81
tA7Xl_TxTaA,LAVA LAMP - 2 HOUR Wide Video Out!,"Jan 29, 2025",16,13,77.32,40,13,13,0,0,0,0,0,0,0,0,0,,0,0,0.231,0,0,0,,0,0,,0,0,,0,0,,,0,,3,0.0092,32,0.0513,0,0.003,0:00:12,613,1.63
wDRIXqkkLMs,⚜️ Napoleon’s Marengo Uniform 🇫🇷,"Oct 4, 2025",93,18,57.51,76.19,14,7,5,5,0,0,0,0,0,3,0,100,4,0,0.176,0,0,0,,0,0,,0,0,,0,0,,,0,,2,0.0007,27,0.269,0,0.003,0:00:53,339,3.24
0Nez8Hensww,💂REAL Photos of NAPOLEON'S Old Guard🇫🇷,"Aug 3, 2025",151,26,27.3,68.75,21,9,12,12,0,0,0,1,0,1,1,50,0,0,0.12,0,0,0,,0,0,,0,0,,0,0,,,0,,1,0.0174,38,0.3035,1,0.003,0:00:41,732,2.19
ggEr2Y0-mF4,Before AUSTERLITZ Pt. 3,"Dec 20, 2025",43,6,69,27.27,6,1,5,3,2,0,0,0,0,0,0,,0,0,0.333,0,0,0,,0,0,,0,0,,0,0,,,0,,4,0.0137,24,0.0557,0,0.002,0:00:29,233,0.86
o81vHhvU5fA,Lasalle ⚔️ Napoleon’s Cavalry Daredevil,"Sep 29, 2025",175,10,39.03,40.91,10,2,8,7,1,0,0,0,0,1,0,100,0,0,0.2,0,0,0,,0,0,,0,0,,0,0,,,0,,5,0.0013,27,0.1933,0,0.002,0:01:08,464,1.51
Uy5Ak7-1s7M,NAPOLEON 🇫🇷 Vive le Empereur! 👑,"Nov 11, 2025",8,11,104.76,71.43,11,10,1,1,0,0,0,0,0,0,0,,0,0,0.182,0,0,0,,0,0,,0,0,,0,0,,,0,,0,0,21,0.0264,0,0.002,0:00:08,234,0.85
aVBQ4OEuY3Q,Printing Grateful Dead Shirts,"Feb 14, 2025",33,4,33.57,80,3,3,0,0,0,0,0,0,0,0,0,,0,0,0.5,0,0,0,,0,0,,0,0,,0,0,,,0,,0,0,5,0.0126,0,0.002,0:00:11,93,1.08
A9PS8Egm0WY,🕴️🌎 Don Draper's World : Mad Men  🥃  🚬,"Oct 10, 2025",24,24,86.24,58.54,21,20,1,1,0,0,0,0,0,0,0,,0,0,0.083,0,0,0,,0,0,,0,0,,0,0,,,0,,11,0.0642,51,0.1465,0,0.002,0:00:20,649,1.39
61s3STP0fPU,NAPOLEON 🇫🇷 1812 Retreat from Russia ❄️🇷🇺,"Oct 8, 2025",39,17,99.53,48.48,17,12,5,5,0,0,0,0,0,-1,0,100,0,0,0.118,0,0,0,,0,0,,0,0,,0,0,,,0,,3,0.0216,44,0.1922,0,0.002,0:00:38,1008,1.19
__I2ZHmZcc8,🇺🇸 ✨FIREWORKS,"Jul 11, 2025",33,4,29.52,25,3,1,2,2,0,0,0,0,0,0,0,,0,0,0.5,0,0,0,,0,0,,0,0,,0,0,,,0,,1,0,12,0.0143,0,0.002,0:00:09,42,0
hzVXPCEA6tw,💂EMPEROR in the CUPBOARD⚔️,"Nov 25, 2025",40,20,45.14,83.33,18,10,8,7,1,0,0,0,0,0,0,,0,0,0.1,0,0,0,,0,0,,0,0,,0,0,,,0,5,2,0.001,29,0.101,0,0.002,0:00:18,343,3.5
xPkgRqrRl7I,BLACK LEGION ☠️,"Dec 22, 2025",118,15,48.53,57.14,13,3,10,10,0,0,0,0,0,2,0,100,0,0,0.133,0,0,0,,0,0,,0,0,,0,0,,,0,,0,0,26,0.2418,0,0.002,0:00:57,345,2.32
FKvPJOlwbmA,💂Battle of Marengo 🎨 by Louis Lejeune🇫🇷,"Oct 7, 2025",44,10,20.39,52.94,9,6,3,3,0,0,0,0,0,0,0,,0,0,0.2,0,0,0,,0,0,,0,0,,0,0,,,0,,2,0.0018,16,0.0268,0,0.002,0:00:08,272,1.1
CpD8GDJ_RJI,BASKETBALL : Procreate Rotoscope - Learn Animation HERE!,"Oct 13, 2024",12,13,3063.47,48.15,9,8,1,1,0,0,0,0,0,1,0,100,2,0,0.167,0,0,0,,0,0,,0,0,,0,0,,,0,,4,0.0042,31,1.3292,0,0.002,0:06:07,190,2.11
rEC59I5gtOk,AUSTERLITZ  🇫🇷 Birds-Eye-View,"Dec 23, 2025",46,10,42.91,60,8,2,6,5,1,0,0,0,0,1,0,100,0,0,0.2,0,0,0,,0,0,,0,0,,0,0,,,0,,2,0.0005,18,0.0565,0,0.002,0:00:19,180,0
56MM2YcLBVE,WAR GAMES 🇫🇷 Paintings to Toys,"Dec 22, 2025",40,14,44.57,53.85,11,2,9,9,0,0,0,0,0,0,0,,0,0,0.143,0,0,0,,0,0,,0,0,,0,0,,,0,,1,0.0016,29,0.0742,0,0.002,0:00:17,220,2.73
CMvVlnCCBKM,AUSTERLITZ 🇫🇷 Birds-Eye View,"Nov 14, 2025",141,10,14.85,66.67,9,3,6,6,0,0,0,0,0,1,0,100,0,0,0.25,0,0,0,,0,0,,0,0,,0,0,,,0,1,0,0,15,0.0603,0,0.002,0:00:20,331,0.91
83NNfzJ3pAs,🇫🇷✨ Inside the Napoleonic Era,"Nov 15, 2025",6,17,144.5,61.54,16,5,11,11,0,0,0,0,0,2,0,100,1,0,0.118,0,0,0,,0,0,,0,0,,0,0,,,0,,1,0.0014,48,0.046,0,0.002,0:00:08,225,0.44
x6s2neT0Ngk,🔥Napoleon’s Cavalry Explained 🏇,"Sep 2, 2025",176,15,72.33,45.83,13,5,8,8,0,0,0,0,0,0,0,,0,0,0.133,0,0,0,,0,0,,0,0,,0,0,,,0,,2,0.0008,29,0.5349,0,0.002,0:02:07,656,1.37
KKI8Efv7p6A,Mad Men Cinematography,"Dec 7, 2024",24,13,54.34,66.67,10,10,0,0,0,0,0,0,0,0,0,,0,0,0.154,0,0,0,,0,0,,0,0,,0,0,,,0,,4,0.0079,21,0.0492,0,0.002,0:00:13,266,3.38
XN-76nLR83Q,The TRUE Story of the First Thanksgiving!,"Nov 27, 2025",45,22,73.41,76.92,21,18,2,2,0,0,0,0,0,0,0,,0,0,0.1,0,0,0,,0,0,,0,0,,0,0,,,0,,2,0.0137,26,0.2031,0,0.002,0:00:33,158,1.9
cx_3iOZowkU,Terrence McKenna on psychedelic effects on consciousness on prehistoric humanoids #psychedelics,"May 6, 2023",61,8,42.7,63.64,8,8,0,0,0,0,0,0,0,0,0,,0,0,0.286,0,0,0,,0,0,,0,0,,0,0,,,0,,1,0.0006,13,0.0604,0,0.002,0:00:26,274,1.09
mFkNhnPXyqk,NAPOLEON ⚔️ AUSTERLITZ 🇫🇷,"Dec 24, 2025",33,11,26.83,44,10,2,8,8,0,0,0,0,0,2,0,100,0,0,0.182,0,0,0,,0,0,,0,0,,0,0,,,0,,4,0.0044,25,0.0316,0,0.002,0:00:08,368,0.54
-407mQOkTng,DIVE Bar BATHROOM,"May 16, 2025",13,6,91.95,62.5,6,5,1,1,0,0,0,0,0,0,0,,0,0,0.2,0,0,0,,0,0,,0,0,,0,0,,,0,1,2,0.0032,12,0.0214,0,0.002,0:00:11,159,3.14
cMJTIuZSJeQ,Battle of Borodino 🎨 by Louis Lejeune,"Oct 7, 2025",41,15,55.39,58.33,10,7,3,3,0,0,0,0,0,0,0,,0,0,0.143,0,0,0,,0,0,,0,0,,0,0,,,0,,5,0.0044,29,0.0995,0,0.002,0:00:22,739,0.81
IRpbGi2VETk,AUSTERLITZ 🇫🇷 OUT NOW!,"Nov 25, 2025",106,9,31.57,80,8,4,4,3,1,0,0,0,0,-1,0,100,0,0,0.222,0,0,0,,0,0,,0,0,,0,0,,,0,1,0,0,12,0.0841,0,0.002,0:00:33,136,4.41
DbbPHPhKP8U,🇫🇷 Napoleonic New Era 💂🏼,"Dec 31, 2025",11,13,89.3,31.71,13,0,13,13,0,0,0,0,0,-1,0,100,0,0,0.154,0,0,0,,0,0,,0,0,,0,0,,,0,,5,0.0035,46,0.0448,0,0.002,0:00:09,314,1.91
UeFPL3EcESo,Napoleon's Cavalry 🐎 Last Knights of Europe,"Sep 5, 2025",40,13,79.86,42.86,11,9,2,2,0,0,0,0,0,0,0,,0,0,0.167,0,0,0,,0,0,,0,0,,0,0,,,0,,0,0,32,0.1218,0,0.002,0:00:31,794,0.88
Byn_cQa67t0,TRAFALGAR 🎖️ NELSON'S Last Stand ⚓️,"Sep 3, 2025",66,15,37.1,54.55,13,10,3,3,0,0,0,0,0,0,0,,0,0,0.143,0,0,0,,0,0,,0,0,,0,0,,,0,,5,0.0211,25,0.1065,0,0.002,0:00:24,394,2.03
Qe1w_XoetGM,⚔️ Battalion Carré Explained 🇫🇷,"Nov 12, 2025",53,15,88.89,72.73,13,12,1,1,0,0,0,0,0,-1,0,100,0,0,0.143,0,0,0,,0,0,,0,0,,0,0,,,0,,3,0.0291,22,0.1972,0,0.002,0:00:47,82,2.44
WEbiSOVTaHs,🐎 The Napoleonic Cavalry ⚔️,"Oct 5, 2025",89,19,53.94,33.33,18,9,8,8,0,0,0,0,0,3,0,100,0,0,0.118,0,0,0,,0,0,,0,0,,0,0,,,0,,2,0.0242,50,0.2643,0,0.002,0:00:48,980,1.22
rUt6eryBrRg,General LaSalle 💂 Origins of Capture the Flag 🐎,"Sep 23, 2025",44,21,72.2,70.83,19,6,13,12,1,0,0,0,0,0,0,,0,0,0.095,0,0,0,,0,0,,0,0,,0,0,,,0,,3,0.008,40,0.1882,0,0.002,0:00:31,648,2.01
gEsIZdWRCZc,Grateful Dead Movie Animation,"Feb 17, 2025",60,8,21.82,100,4,1,3,3,0,0,0,0,0,0,0,,2,0,0.25,0,0,0,,0,0,,0,0,,0,0,,,0,,4,0.0129,8,0.0291,0,0.002,0:00:13,117,4.27
_WlGY6q17OY,🔥Napoleon’s Marengo Drip✨,"Dec 18, 2025",127,17,29.86,59.26,11,0,11,10,1,0,0,0,0,0,0,,0,0,0.118,0,0,0,,0,0,,0,0,,0,0,,,0,,4,0.0127,27,0.1835,0,0.002,0:00:37,336,2.38
86CJRbAJlds,Rocking Out to Brand New – “You Won’t Know” Live in Newark 🖤🔥,"Jun 30, 2025",34,6,54.59,62.5,6,4,2,2,0,0,0,0,0,0,0,,0,0,0.333,0,0,0,,0,0,,0,0,,0,0,,,0,,0,0,10,0.0318,0,0.002,0:00:18,118,1.69
 -nEZHkLgN7w,🇫🇷 The Culture of the Cavalry 🐎,"Oct 7, 2025",180,11,28.5,66.67,11,3,7,7,0,0,0,0,0,0,0,,0,0,0.1,0,0,0,,0,0,,0,0,,0,0,,,0,,1,0.0003,18,0.1579,0,0.002,0:00:51,247,2.83
3I2oouQg7hw,Battle of WATERLOO 💂‍♂️ EYE WITNESS ⚔️,"Jun 24, 2025",76,8,34.61,87.5,8,6,2,2,0,0,0,0,0,0,0,,0,0,0.25,0,0,0,,0,0,,0,0,,0,0,,,0,,0,0,9,0.0594,0,0.002,0:00:26,189,1.06
flzAhLvi_H0,🔥⚔️ Murat’s Cavalry Charges✨🐎,"Sep 6, 2025",32,13,90.37,58.82,13,7,6,6,0,0,0,0,0,1,0,100,0,0,0.167,0,0,0,,0,0,,0,0,,0,0,,,0,,1,0.0018,28,0.1063,0,0.002,0:00:28,509,1.96
l0WrqrExO6I,Thw SEIGE of TOULON - 1793,"Feb 22, 2026",64,6,17.2,60,4,2,2,0,2,0,0,0,0,1,0,100,0,0,0.333,0,0,0,,0,0,,0,0,,0,0,,,0,,2,0.0027,10,0.0203,0,0.002,0:00:11,25,8
oJhhc6eA2eI,💂🐎Napoleon’s Cavalry Brought to Life ⚔️,"Sep 4, 2025",29,9,70.69,43.75,8,5,3,3,0,0,0,0,0,0,0,,0,0,0.222,0,0,0,,0,0,,0,0,,0,0,,,0,,2,0.007,21,0.0684,0,0.002,0:00:20,760,0.79
VeRCD9F2FRM,🔥Napoleon’s Cavalry Explained : Pt II🏇,"Sep 2, 2025",155,29,46.67,38.71,27,14,13,12,1,0,0,0,0,0,0,,0,0,0.069,0,0,0,,0,0,,0,0,,0,0,,,0,,2,0.0426,46,0.5888,0,0.002,0:01:12,597,1.01
_hNgAPR-uU0,Napoleon : LODI 🇫🇷 Charge of Glory!,"Nov 16, 2025",46,15,1136.39,66.67,15,9,6,6,0,0,0,0,0,0,0,,0,0,0.143,0,0,0,,0,0,,0,0,,0,0,,,0,,3,0.0128,30,2.179,0,0.002,0:08:42,252,0.79
cowLVGzrzjE,🇫🇷 LASALLE 🐎 Hussar Legend 3/3,"Oct 30, 2025",70,13,44.95,64.71,11,6,4,4,0,0,0,0,0,0,0,,0,0,0.083,0,0,0,,0,0,,0,0,,0,0,,,0,,1,0.0006,19,0.1158,0,0.002,0:00:31,310,2.58
EZxbAt80F0Y,🇺🇸 ✨AMERICA THE BEAUTIFUL!,"Jul 3, 2025",45,10,69.35,50,9,8,1,1,0,0,0,0,0,0,0,,0,0,0.2,0,0,0,,0,0,,0,0,,0,0,,,0,,0,0,15,0.0887,0,0.002,0:00:31,513,0.39
CqRVt_YR5Pw,Napoleon’s Cavalry ⚔️ Weapons & Equipment Pt I,"Sep 25, 2025",169,16,26.39,56.52,16,3,13,12,1,0,0,0,0,0,0,,0,0,0.125,0,0,0,,0,0,,0,0,,0,0,,,0,,1,0.0019,24,0.2024,0,0.002,0:00:44,350,3.14
a-4twyiRCzc,How NAPOLEON Became EMPEROR of France 🇫🇷,"Jun 1, 2025",141,17,35.57,84.62,17,16,1,1,0,0,0,0,0,0,0,,0,0,0.118,0,0,0,,0,0,,0,0,,0,0,,,0,,1,0.0211,22,0.2376,0,0.002,0:00:50,434,0.46
_S_Gv5oQuSU,🐎 Joachim Murat: The Dashing Cavalry Marshal,"Sep 8, 2025",42,12,46.2,36.36,11,4,7,7,0,0,0,0,0,1,0,100,0,0,0.167,0,0,0,,0,0,,0,0,,0,0,,,0,,2,0.0021,34,0.071,0,0.002,0:00:19,647,0.46
THsFLo-BcTE,🇫🇷👑 All of Édouard Detaille’s Epic Napoleonic Paintings,"Aug 14, 2025",120,17,86.99,60.87,15,8,7,6,1,0,0,0,0,0,0,,0,0,0.118,0,0,0,,0,0,,0,0,,0,0,,,0,,5,0.0093,29,0.4965,0,0.002,0:01:44,564,1.77
yGg5i3vZGGQ,Battle of Marengo 🎨 by Louis Lejeune🇫🇷,"Oct 13, 2025",44,31,86.39,51.02,21,14,7,4,3,0,0,0,0,1,0,100,1,0,0.067,0,0,0,,0,0,,0,0,,0,0,,,0,,4,0.0016,66,0.3391,0,0.002,0:00:38,814,1.72
WHCvPSOogOo,🇫🇷 AUSTERLITZ : French Soldier's Letter,"Sep 20, 2025",48,9,49.89,45,9,8,1,1,0,0,0,0,0,0,0,,0,0,0.222,0,0,0,,0,0,,0,0,,0,0,,,0,,1,0.0017,23,0.0642,0,0.002,0:00:23,518,0.77
a5FSJZ7e4GQ,NAPOLEON 🇫🇷 Rise to Glory!,"Nov 6, 2025",128,22,42.43,55.56,14,13,1,1,0,0,0,1,0,0,0,,0,0,0.091,0,0,0,,0,0,,0,0,,0,0,,,0,,0,0,27,0.335,1,0.002,0:00:54,379,0.26
1PX0nOLkPdc,🐎 Napoleon’s Elite Cavalry 🐎,"Sep 7, 2025",180,17,35.79,45.71,17,7,10,10,0,0,0,0,0,0,0,,0,0,0.118,0,0,0,,0,0,,0,0,,0,0,,,0,,3,0.0155,31,0.312,0,0.002,0:01:04,671,1.94
M_AayKgEtNY,Desaix & Marengo 🇫🇷,"Nov 18, 2025",129,22,36.62,34.09,19,10,10,9,1,0,0,0,0,1,0,100,0,0,0.095,0,0,0,,0,0,,0,0,,0,0,,,0,1,5,0.0009,54,0.2982,0,0.002,0:00:47,604,1.32
Xq36wr4VvS8,NAPOLEONIC Strategy 🇫🇷,"Oct 24, 2025",69,15,157.33,66.67,14,13,1,1,0,0,0,0,0,2,0,100,0,0,0.133,0,0,0,,0,0,,0,0,,0,0,,,0,,1,0.0067,27,0.4532,0,0.002,0:01:48,249,2.41
u7LvLizB0yQ,⚔️ General LaSalle 💂 Cavalry Charge at Wagram 🐎,"Sep 23, 2025",84,13,47.99,42.86,13,5,8,7,1,0,0,0,0,2,0,100,0,0,0.167,0,0,0,,0,0,,0,0,,0,0,,,0,,2,0.0164,27,0.1517,0,0.002,0:00:40,363,1.65
2qYEMHUyBIU,100 SECONDS : Timer + Alarm,"Mar 9, 2025",108,13,24.28,56.52,11,11,0,0,0,0,0,0,0,0,0,,0,0,0.154,0,0,0,,0,0,,0,0,,0,0,,,0,,1,0.0037,24,0.0996,0,0.002,0:00:26,178,4.49
D8hTwRDcXtg,Napoleon 64,"Dec 24, 2025",62,8,38.34,34.78,8,0,8,7,1,0,0,0,0,1,-1,,0,0,0.25,0,0,0,,0,0,,0,0,,0,0,,,0,,2,0.0022,25,0.0572,0,0.002,0:00:23,286,1.05
pXigRltgdXA,The SOPRANOS : Iconic Moments 🍝🔫,"Jul 5, 2025",60,13,54.78,60,12,10,1,1,0,0,0,0,0,0,0,,0,0,0.077,0,0,0,,0,0,,0,0,,0,0,,,0,,1,0.0044,17,0.1203,0,0.001,0:00:32,536,0.75
J7kCdbejlPI,Supper at Beaucaire 🇫🇷 1793,"Dec 5, 2025",24,4,58.54,50,3,1,2,1,1,0,0,0,0,0,0,,0,0,0.25,0,0,0,,0,0,,0,0,,0,0,,,0,,0,0,7,0.0172,0,0.001,0:00:14,165,1.21
WdArqxVnLYc,AUSTERLITZ 🇫🇷 From Above!,"Nov 17, 2025",131,4,33.19,60,4,1,2,2,0,0,0,0,0,0,0,,0,0,0.333,0,0,0,,0,0,,0,0,,0,0,,,0,,0,0,6,0.0494,0,0.001,0:00:43,102,0.98
5fc-onnoBx0,🐎 Long Live the Emperor ⚔️,"Dec 3, 2025",5,4,224,13.33,4,3,1,1,0,0,0,0,0,0,0,,0,0,0.25,0,0,0,,0,0,,0,0,,0,0,,,0,,4,0.0033,21,0.0195,0,0.001,0:00:11,186,0.54
ZhMTTJbJeiY,NAPOLEON 1805 🇫🇷 PART 7,"Oct 28, 2025",39,5,42.58,71.43,2,1,1,1,0,0,0,0,0,0,0,,0,0,0.2,0,0,0,,0,0,,0,0,,0,0,,,0,,4,0.0168,6,0.0235,0,0.001,0:00:16,251,1.2
rkqRRRhP4rQ,Custom Shorts - Print on Demand A.I. Automation & Order Fulfillment,"Sep 19, 2023",48,3,52.7,25,3,3,0,0,0,0,0,0,0,0,0,,0,0,0.333,0,0,0,,0,0,,0,0,,0,0,,,0,,0,0,8,0.0238,0,0.001,0:00:25,114,1.75
v4s8Mtc9jPQ,NAPOLEON NINTENDO Game,"Nov 30, 2025",62,6,18.51,44.44,6,4,2,2,0,0,0,0,0,0,0,,0,0,0.2,0,0,0,,0,0,,0,0,,0,0,,,0,,4,0.003,11,0.0206,0,0.001,0:00:11,133,0.75
kzKDH-Mukuo,Napoleon’s Cavalry ⚔️ The Last Knights of Europe,"Oct 22, 2025",151,6,36.22,37.5,6,3,3,3,0,0,0,0,0,0,0,,0,0,0.2,0,0,0,,0,0,,0,0,,0,0,,,0,,3,0.0381,17,0.0943,0,0.001,0:00:54,471,1.06
B1670XoHuu0,Dive Bar Bathroom - LiDAR Scan,"Nov 4, 2024",13,2,98.68,100,2,2,0,0,0,0,0,0,0,0,0,,0,0,0.5,0,0,0,,0,0,,0,0,,0,0,,,0,,0,0,4,0.0071,0,0.001,0:00:12,77,0
hF_Y1cBiiXg,Technicolor PANTHER - Learn ANIMATION Here!,"Oct 17, 2024",6,6,112.02,54.55,6,6,0,0,0,0,0,0,0,2,0,100,0,0,0.167,0,0,0,,0,0,,0,0,,0,0,,,0,,3,0.0029,16,0.0147,0,0.001,0:00:06,380,1.32
3yjorvKWA1g,DIAMOND SPHERE - FULL Visual up NOW!,"Oct 6, 2024",14,4,95.45,57.14,5,4,0,0,0,0,0,1,0,0,0,,0,0,0.25,0,0,0,,0,0,,0,0,,0,0,,,0,,0,0,9,0.0157,1,0.001,0:00:13,102,1.96
Jq1Iwwvtw2g,60 SECONDS: 4K Timer and Alarm,"Mar 11, 2025",68,6,42.21,71.43,5,4,1,1,0,0,0,0,0,0,0,,1,0,0.167,0,0,0,,0,0,,0,0,,0,0,,,0,,0,0,7,0.0478,0,0.001,0:00:28,519,0.58
naCs-DodncU,💂 Detaille 🎨 Napoleonic Master🎖️,"Aug 25, 2025",113,5,50.76,83.33,4,2,2,2,0,0,0,0,0,0,0,,0,0,0.2,0,0,0,,0,0,,0,0,,0,0,,,0,,0,0,9,0.0799,0,0.001,0:00:57,150,1.33
YYy3CrvYoSM,Ur FAVORITE Napoleon Channel,"Dec 22, 2025",11,4,87.36,30.77,4,0,4,4,0,0,0,0,0,0,0,,0,0,0.25,0,0,0,,0,0,,0,0,,0,0,,,0,,2,0.0016,13,0.0138,0,0.001,0:00:09,131,0.76
wTmTHB9Prcs,✨Napoleon's Relics ⚜️ Ney + Lasalle,"Oct 1, 2025",92,6,47.16,42.86,6,4,2,2,0,0,0,0,0,0,0,,0,0,0.167,0,0,0,,0,0,,0,0,,0,0,,,0,,2,0.0094,15,0.0744,0,0.001,0:00:43,243,1.23
ad0lMSiP2II,"OPEN YOUR STORE : Print On Demand Tutorial for Artists, Startups, Small Businesses #printondemand","Sep 17, 2023",33,2,312.76,40,1,0,1,0,1,0,0,0,0,0,0,,0,0,0.5,0,0,0,,0,0,,0,0,,0,0,,,0,,0,0,9,0.059,0,0.001,0:01:43,11,18.18
T6dj7GXrCTU,💂 AI Time Machine 🪖,"Aug 12, 2025",6,5,235.32,55.56,5,4,1,1,0,0,0,0,0,-1,0,100,0,0,0.2,0,0,0,,0,0,,0,0,,0,0,,,0,,0,0,18,0.0213,0,0.001,0:00:14,192,1.56
dT9_kBwmh6Y,AUSTERLITZ Aftermath 🇫🇷 PT. 2,"Nov 19, 2025",58,3,29.22,75,3,0,2,1,1,0,0,0,0,-2,0,100,0,0,0.5,0,0,0,,0,0,,0,0,,0,0,,,0,,0,0,4,0.0144,0,0.001,0:00:16,133,1.5
k0GaRnlAWI0,NAPOLEON 1805 🇫🇷 PART 1,"Oct 28, 2025",52,21,37.66,51.35,18,15,3,3,0,0,0,0,0,0,0,,0,0,0.05,0,0,0,,0,0,,0,0,,0,0,,,0,,3,0.0193,41,0.1224,0,0.001,0:00:19,915,1.53
gq8wJ9xgNHc,🏙️  🌆 1/1 NYC SKYLINE Shirts,"Jun 7, 2025",32,2,51.58,100,2,1,1,1,0,0,0,0,0,-1,0,100,0,0,0.5,0,0,0,,0,0,,0,0,,0,0,,,0,,1,0.0068,2,0.0092,0,0.001,0:00:16,17,0
oumUHS0HKYs,Joachim Murat ⚔️ Napoleon’s Cavalry King,"Sep 29, 2025",149,11,46.5,46.67,10,5,4,4,0,0,0,0,0,0,0,,0,0,0.111,0,0,0,,0,0,,0,0,,0,0,,,0,,0,0,19,0.216,0,0.001,0:01:09,240,2.5
ktBZ0esVCsU,3D Animation & LIDAR map made using POLYCAM & SPLINE TOOL,"Jun 13, 2023",12,4,81.47,50,4,4,0,0,0,0,0,1,0,1,0,100,0,0,0.25,0,0,0,,0,0,,0,0,,0,0,,,0,,0,0,9,0.013,1,0.001,0:00:09,179,2.23
YJx6Fdf15S4,Napoleon Plug 🇫🇷💂🏼⚔️,"Dec 18, 2025",11,5,167.28,22.73,5,1,4,3,1,0,0,0,0,0,0,,0,0,0.2,0,0,0,,0,0,,0,0,,0,0,,,0,,0,0,34,0.031,0,0.001,0:00:18,126,0
lVpIR36QZzA,PINBALL SPEAKEASY Hidden in a Laundromat!?,"May 28, 2025",54,3,68.21,75,2,2,0,0,0,0,0,0,0,0,0,,0,0,0.333,0,0,0,,0,0,,0,0,,0,0,,,0,,0,0,4,0.0313,0,0.001,0:00:36,151,0
f5WDYKxpJEw,🇬🇧 The Union Jack 🇯🇪🏴󠁧󠁢󠁳󠁣󠁴󠁿🏴󠁧󠁢󠁥󠁮󠁧󠁿 = 🇬🇧,"Nov 4, 2025",36,12,71.55,44.44,12,11,1,1,0,0,0,0,0,-1,0,100,0,0,0.083,0,0,0,,0,0,,0,0,,0,0,,,0,,1,0.0008,17,0.088,0,0.001,0:00:25,128,0.78
Eiy3Xxwsthk,AMERICA THE BEAUTIFUL 🇺🇸 ✨,"Jul 2, 2025",35,3,33.3,42.86,3,2,1,1,0,0,0,0,0,0,0,,0,0,0.333,0,0,0,,0,0,,0,0,,0,0,,,0,,0,0,7,0.0104,0,0.001,0:00:11,232,0
NItMjwPJSiY,Lasalle ⚔️ Napoleon’s Hussar,"Nov 11, 2025",64,8,48.11,83.33,7,4,3,3,0,0,0,0,0,0,0,,0,0,0.125,0,0,0,,0,0,,0,0,,0,0,,,0,,0,0,10,0.069,0,0.001,0:00:30,137,1.46
BK84UhKup70,Hey Arnold! Arnold + Gerald's handshake,"Mar 26, 2025",11,11,199.44,45,8,6,2,2,0,0,0,0,0,1,0,100,0,0,0.091,0,0,0,,0,0,,0,0,,0,0,,,0,,3,0.0037,28,0.0715,0,0.001,0:00:21,234,2.14
tz0jkMq2y_g,Lidar Scan of a Dive Bar Bathroom @illGatesMusic,"Jun 12, 2024",13,3,74.23,75,3,3,0,0,0,0,0,0,0,0,0,,0,0,0.333,0,0,0,,0,0,,0,0,,0,0,,,0,,0,0,4,0.0083,0,0.001,0:00:09,54,1.85
1zpid_LskQw,NAPOLEON 🇫🇷 Greatest BATTLES,"Nov 15, 2025",9,10,114.09,52.63,8,1,7,6,1,0,0,0,0,1,0,100,0,0,0.1,0,0,0,,0,0,,0,0,,0,0,,,0,,1,0.0002,25,0.0317,0,0.001,0:00:10,125,1.6
x038K35rlu0,1 Minute SPLINE GUIDES - PERFECT Animation Loops #spline #3danimation #3dart #motiondesign #spline3d,"Aug 26, 2024",59,5,92.19,100,5,5,0,0,0,0,0,0,0,0,0,,0,0,0.2,0,0,0,,0,0,,0,0,,0,0,,,0,,1,0,6,0.0755,0,0.001,0:00:54,203,0.49
iOI85wuYVUQ,NEY 🇫🇷 BRAVEST of the BRAVE 🐎,"Nov 18, 2025",171,2,53.46,66.67,2,0,2,0,2,0,0,0,0,0,0,,0,0,0.5,0,0,0,,0,0,,0,0,,0,0,,,0,,0,0,4,0.051,0,0.001,0:01:31,79,1.27
5Fa-5iFfIoM,🎮 Napoleon 64 💂,"Nov 29, 2025",15,2,52.33,28.57,2,2,0,0,0,0,0,0,0,0,0,,0,0,0.5,0,0,0,,0,0,,0,0,,0,0,,,0,,5,0.0031,8,0.0066,0,0.001,0:00:07,137,0
43dwfu-TMdA,"🎸🕊️Brand New – ""Waste"" LIVE in Newark  🖤","Jul 2, 2025",58,4,37.71,66.67,4,4,0,0,0,0,0,0,0,1,0,100,0,0,0.25,0,0,0,,0,0,,0,0,,0,0,,,0,,1,0.0024,7,0.0253,0,0.001,0:00:21,122,2.46
aV9xRkbYaGg,LAVA LAMP - VISUALS & LIGHTING,"Jan 29, 2025",27,4,65.43,66.67,4,4,0,0,0,0,0,0,0,0,0,,6,0,0.333,0,0,0,,0,0,,0,0,,0,0,,,0,,0,0,6,0.0203,0,0.001,0:00:17,192,2.08
EW9b9JjsJkg,Dog in the big city,"Mar 5, 2023",11,2,200.23,100,2,0,2,1,1,0,0,0,0,1,0,100,0,0,0.5,0,0,0,,0,0,,0,0,,0,0,,,0,,0,0,5,0.0122,0,0.001,0:00:22,9,11.11
8YBA37RPTvM,NAPOLEON ⚔️ 1805 : OUT Now!,"Dec 22, 2025",13,7,97.69,46.67,7,0,7,7,0,0,0,0,0,0,0,,0,0,0.143,0,0,0,,0,0,,0,0,,0,0,,,0,,7,0.0169,19,0.029,0,0.001,0:00:12,193,1.55
eLm0F_30IsE,NAPOLEON ⚔️ 1805 Campaign : AUSTERLITZ 🇫🇷,"Dec 6, 2025",119,7,7.89,100,4,2,2,2,0,0,0,0,0,0,0,,0,0,0.25,0,0,0,,0,0,,0,0,,0,0,,,0,,0,0,7,0.0183,0,0.001,0:00:09,124,0
VQ7CdYKmEns,NAPOLEON 🇫🇷 Bataillon Carré💂,"Oct 31, 2025",108,14,62.7,62.5,12,8,4,4,0,0,0,0,0,-1,0,100,0,0,0.083,0,0,0,,0,0,,0,0,,0,0,,,0,,4,0.0365,20,0.265,0,0.001,0:01:07,73,0
CDf5dgFTHfo,3D LIDAR ART!,"Mar 7, 2025",13,4,51.97,66.67,4,3,1,1,0,0,0,0,0,0,0,,0,0,0.25,0,0,0,,0,0,,0,0,,0,0,,,0,,0,0,5,0.0077,0,0.001,0:00:06,23,13.04
CFNv3QFqDu8,NAPOLEON'S 🇫🇷 Corps System💂,"Nov 17, 2025",77,11,73.99,46.67,8,1,7,6,1,0,0,0,0,0,0,,0,0,0.1,0,0,0,,0,0,,0,0,,0,0,,,0,1,2,0.0215,24,0.1759,0,0.001,0:00:56,254,2.76
YDlMo_XLFBI,🇫🇷The Bridge at Lodi 🎨 by Louis Lejeune💂,"Oct 8, 2025",41,7,31.16,46.15,6,3,3,3,0,0,0,0,0,0,0,,0,0,0.143,0,0,0,,0,0,,0,0,,0,0,,,0,,0,0,14,0.027,0,0.001,0:00:12,236,2.12
HhEHQcANKik,The Face of a Little Corporal 🇫🇷,"Dec 4, 2025",108,3,41.15,75,2,1,1,1,0,0,0,0,0,0,0,,0,0,0.333,0,0,0,,0,0,,0,0,,0,0,,,0,,1,0.0045,5,0.0371,0,0.001,0:00:44,120,0
JYJAoO0h_J0,TRAFALGAR  ⚓️ EYEWITNESS Battle Report 🇬🇧,"Jul 31, 2025",68,4,77.78,60,4,4,0,0,0,0,0,0,0,0,0,,0,0,0.25,0,0,0,,0,0,,0,0,,0,0,,,0,,0,0,8,0.0597,0,0.001,0:00:52,156,0.64
FLopJl6OhGI,General LaSalle 💂 Napoleonic Hussar Legend 🐎,"Sep 30, 2025",174,8,26.94,46.67,8,2,6,6,0,0,0,0,0,1,0,100,0,0,0.125,0,0,0,,0,0,,0,0,,0,0,,,0,,2,0.0036,18,0.108,0,0.001,0:00:46,254,1.97
QS_nM1QdWsQ,AUSTERLITZ Aftermath 🇫🇷 PT. 4,"Nov 20, 2025",116,3,8.99,100,3,0,3,1,2,0,0,0,0,0,0,,0,0,0.333,0,0,0,,0,0,,0,0,,0,0,,,0,,0,0,3,0.0087,0,0.001,0:00:10,116,1.72
OCzv9WKUudo,✨Napoleon's Relics ⚜️,"Sep 30, 2025",14,6,58.76,50,6,2,4,4,0,0,0,0,0,0,0,,0,0,0.167,0,0,0,,0,0,,0,0,,0,0,,,0,,0,0,15,0.0153,0,0.001,0:00:08,115,2.61
cjiMfiwWHAQ,🔥Battle of BORODINO 🖼️,"Nov 18, 2025",40,16,85.8,21.74,7,2,5,3,2,0,0,0,0,0,0,,0,0,0.063,0,0,0,,0,0,,0,0,,0,0,,,0,,1,0.0111,33,0.1593,0,0.001,0:00:34,526,2.09
1v0U65bRsV8,Tony’s Backyard BBQ Choir 🍖🎶,"Dec 2, 2025",8,4,90.88,66.67,4,4,0,0,0,0,0,0,0,0,0,,0,0,0.25,0,0,0,,0,0,,0,0,,0,0,,,0,,1,0.0006,8,0.009,0,0.001,0:00:07,151,1.99
vlN4mYHm9fY,⚔️ Capture the Flag 🇫🇷 💂,"Oct 16, 2025",72,7,73.17,83.33,6,1,5,4,1,0,0,0,0,0,0,,1,0,0.143,0,0,0,,0,0,,0,0,,0,0,,,0,,0,0,11,0.124,0,0.001,0:00:52,108,1.85
IiKlYEvI5IE,Lasalle’s Pipe + Sabre ⚜️ Napoleon's Relics,"Oct 2, 2025",59,9,83.64,88.89,9,6,3,3,0,0,0,0,0,0,0,,0,0,0.111,0,0,0,,0,0,,0,0,,0,0,,,0,,1,0.0003,13,0.1237,0,0.001,0:00:49,278,3.24
l0qkp8cniog,🇺🇸 ✨AMERICAN FIREWORKS!,"Jul 5, 2025",56,2,23.72,14.29,2,1,1,1,0,0,0,0,0,0,0,,0,0,0.5,0,0,0,,0,0,,0,0,,0,0,,,0,,0,0,16,0.0139,0,0.001,0:00:13,46,0
KW8enZtnFxk,Dive Bar Bathroom,"Jan 31, 2025",8,4,117.97,66.67,4,2,2,2,0,0,0,0,0,0,0,,0,0,0.25,0,0,0,,0,0,,0,0,,0,0,,,0,,4,0.0025,11,0.0109,0,0.001,0:00:09,82,3.66
InAa8f3-txY,Marshal Ney ⚔️ Bravest of the Brave,"Oct 2, 2025",178,14,42.12,47.06,13,12,1,1,0,0,0,0,0,0,0,,0,0,0.071,0,0,0,,0,0,,0,0,,0,0,,,0,,1,0.0002,23,0.2949,0,0.001,0:01:14,337,1.48
drmZFL4VcCQ,Culture 🇫🇷🐎 Napoleonic Cavalry (2/3),"Nov 21, 2025",49,9,49.11,38.46,7,2,5,4,1,0,0,0,0,-1,0,100,0,0,0.111,0,0,0,,0,0,,0,0,,0,0,,,0,1,1,0.0096,19,0.0634,0,0.001,0:00:24,132,3.79
xjaIIQkmrKs,FREE DJ Visuals,"Jan 27, 2025",12,9,82.07,42.86,7,7,0,0,0,0,0,0,0,0,0,,1,0,0.111,0,0,0,,0,0,,0,0,,0,0,,,0,,3,0.0035,18,0.0289,0,0.001,0:00:09,627,1.28
5qA5Kcs3ggI,Young Napoleon 🇫🇷 A BRIDGE at LODI,"Nov 6, 2025",46,2,27.5,40,2,1,1,1,0,0,0,0,0,-1,0,100,0,0,0.5,0,0,0,,0,0,,0,0,,0,0,,,0,,0,0,5,0.0084,0,0.001,0:00:12,107,0
KGotNqFh1Xs,💂 Last Veterans of the Empire 🇫🇷 Napoleon’s Old Guard,"Aug 3, 2025",151,6,33.26,42.86,3,3,0,0,0,0,0,0,0,2,0,100,0,0,0.167,0,0,0,,0,0,,0,0,,0,0,,,0,,0,0,10,0.0846,0,0.001,0:00:50,155,3.23
pHRRsW9nuvc,Napoleon’s Veterans 💂🇫🇷 Rare Portraits,"Sep 23, 2025",170,10,19.4,81.82,10,7,3,3,0,0,0,0,0,-1,0,100,0,0,0.1,0,0,0,,0,0,,0,0,,0,0,,,0,,1,0.0207,12,0.0926,0,0.001,0:00:32,223,3.59
wK9j0eZ31NU,⚔️ Lasalle: Napoleon’s Daring Cavalry Hero 🇫🇷,"Nov 8, 2025",63,12,43.81,60,11,5,6,5,1,0,0,0,0,-1,0,100,0,0,0.083,0,0,0,,0,0,,0,0,,0,0,,,0,,1,0.0027,17,0.0945,0,0.001,0:00:27,106,3.77
DtHP-I5Rmyg,Actually EPIC Napoleon! 🇫🇷,"Oct 26, 2025",44,4,46.67,66.67,3,2,1,1,0,0,0,1,0,1,0,100,0,0,0.5,0,0,0,,0,0,,0,0,,0,0,,,0,,0,0,6,0.0236,1,0.001,0:00:20,262,1.15
9MtolJeHHF8,Basketball Frame x Frame Animation #procreate #rotoscope,"Jun 12, 2023",10,3,158.34,50,3,3,0,0,0,0,0,0,0,0,0,,0,0,0.333,0,0,0,,0,0,,0,0,,0,0,,,0,,1,0.0003,8,0.0137,0,0.001,0:00:15,389,0.51
wu3QU1BNftg,Emperors Men 🐎 Napoleon's Cavalry,"Nov 25, 2025",98,3,6.29,75,3,0,3,1,2,0,0,0,0,-1,0,100,0,0,0.333,0,0,0,,0,0,,0,0,,0,0,,,0,,0,0,4,0.0055,0,0.001,0:00:06,145,0.69
wETa9pLEx_o,NAPOLEON ⚔️ 1805 🇫🇷 [Pt.3],"Nov 29, 2025",43,6,43.25,46.15,6,2,4,4,0,0,0,0,0,-1,0,100,0,0,0.2,0,0,0,,0,0,,0,0,,0,0,,,0,,1,0.0027,14,0.0342,0,0.001,0:00:18,583,0.69
mUZZG8uIFfw,Napoleon at Lodi 🇫🇷 The Bridge of Fire,"Oct 12, 2025",62,3,55.02,50,3,3,0,0,0,0,0,0,0,0,0,,0,0,0.333,0,0,0,,0,0,,0,0,,0,0,,,0,,0,0,4,0.0295,0,0.001,0:00:34,221,0
X60AXuV8XSA,NAPOLEON 🇫🇷 March to AUSTERLITZ,"Oct 31, 2025",129,10,43.67,64.29,8,6,1,1,0,0,0,0,0,-1,0,100,0,0,0.111,0,0,0,,0,0,,0,0,,0,0,,,0,,1,0.0002,17,0.159,0,0.001,0:00:56,350,1.43
74099TTiMqE,AUSTERLITZ 🇫🇷 Aftermath 1/4,"Nov 26, 2025",58,6,53.14,83.33,6,3,3,2,1,0,0,0,0,0,0,,0,0,0.167,0,0,0,,0,0,,0,0,,0,0,,,0,,2,0.0169,9,0.0516,0,0.001,0:00:30,116,2.59
Adh5h-PUFZk,⚔️ The Corps System Explained 🇫🇷,"Nov 2, 2025",40,8,58.3,88.89,6,4,1,1,0,0,0,0,0,-1,0,100,0,0,0.167,0,0,0,,0,0,,0,0,,0,0,,,0,,0,0,11,0.0525,0,0.001,0:00:23,173,3.47
VgS9dZjsTVE,BROOKLYN!  🛹  NYC SKATEBOARDING 🔥,"May 26, 2025",8,4,99.36,33.33,4,3,1,1,0,0,0,0,0,0,0,,0,0,0.25,0,0,0,,0,0,,0,0,,0,0,,,0,,1,0.0003,13,0.0116,0,0.001,0:00:07,177,1.13
mwdnKshLZt4,AUSTERLITZ Aftermath 🇫🇷 PT. 1,"Nov 18, 2025",48,5,64.51,57.14,5,2,3,2,1,0,0,0,0,0,0,,0,0,0.2,0,0,0,,0,0,,0,0,,0,0,,,0,,2,0.0186,10,0.0445,0,0.001,0:00:30,218,1.38
KCcrnjiiCIQ,⚔️🇫🇷 GENERAL Lasalle 💂🐎,"Nov 17, 2025",161,11,46.02,38.46,11,9,2,2,0,0,0,0,0,-1,0,100,0,0,0.1,0,0,0,,0,0,,0,0,,0,0,,,0,1,0,0,19,0.2297,0,0.001,0:01:14,195,2.05
G5r_it9Yi20,Genius of Napoleon’s Battalion Carré 🇫🇷,"Nov 8, 2025",48,10,62.69,60,10,5,5,5,0,0,0,0,0,0,0,,0,0,0.111,0,0,0,,0,0,,0,0,,0,0,,,0,,1,0.0004,12,0.0843,0,0.001,0:00:30,75,1.33
rg4hKcr2PQ8,🐎 Legends of Napoleon's Cavalry,"Dec 15, 2025",150,14,40.58,60,13,3,10,10,0,0,0,0,0,1,0,100,0,0,0.071,0,0,0,,0,0,,0,0,,0,0,,,0,,1,0.0039,22,0.2383,0,0.001,0:01:00,238,3.36
VLGLRSLNv8w,CAPTURE the FLAG 🇫🇷💂🏼⚔️,"Dec 22, 2025",85,6,37.18,45.45,6,2,4,4,0,0,0,0,0,-1,0,100,0,0,0.167,0,0,0,,0,0,,0,0,,0,0,,,0,,2,0.0001,12,0.0533,0,0.001,0:00:31,188,1.6
ADHyIB5IFPo,"He's HERE He's THERE, He's every FUCK!N where!","Dec 22, 2024",73,45,33.55,85.11,38,37,1,1,0,0,0,0,0,0,0,,1,0,0.022,0,0,0,,0,0,,0,0,,0,0,,,0,,5,0.0148,51,0.3071,0,0.001,0:00:24,118,22.03
jdBWaMUOpMQ,Napoleon’s Cavalry ⚔️🇫🇷 WEAPONS (2/2),"Nov 5, 2025",145,9,17.22,80,3,1,2,2,0,0,0,0,0,1,0,100,0,0,0.125,0,0,0,,0,0,,0,0,,0,0,,,0,,0,0,11,0.0641,0,0.001,0:00:24,208,0.96
hvAG-DBv8uM,AUSTERLITZ the Game,"Dec 22, 2025",57,6,58.49,40,6,1,5,5,0,0,0,0,0,0,0,,0,0,0.167,0,0,0,,0,0,,0,0,,0,0,,,0,,4,0.0242,14,0.0586,0,0.001,0:00:33,229,0.87
BiydjCErYGE,Cavalry ⚔️🇫🇷 WEAPONS (1/2),"Nov 25, 2025",169,3,68.63,42.86,3,1,2,1,1,0,0,0,0,0,0,,0,0,0.333,0,0,0,,0,0,,0,0,,0,0,,,0,,0,0,9,0.0992,0,0.001,0:01:55,96,2.08
yZDQpsjC7mk,Animoog Z - Experimenting,"Dec 12, 2024",88,5,12.1,100,5,4,0,0,0,0,0,0,0,0,0,,0,0,0,0,0,0,,0,0,,0,0,,0,0,,,0,,2,0.0093,5,0.0148,0,0.001,0:00:10,50,6
Rrus4D1rUYs,Napoleonica ⚔️🇫🇷💂🏼,"Dec 23, 2025",12,4,250.86,36.36,4,0,4,3,1,0,0,0,0,1,0,100,0,0,0.25,0,0,0,,0,0,,0,0,,0,0,,,0,,3,0.0017,16,0.0363,0,0.001,0:00:30,189,0
f0p7TbLsLKQ,⚔️ General LaSalle 🐎 Napoleon’s Cavalry Legend,"Sep 18, 2025",174,4,51.33,57.14,3,2,1,1,0,0,0,0,0,-1,0,100,0,0,0.25,0,0,0,,0,0,,0,0,,0,0,,,0,,0,0,7,0.1001,0,0.001,0:01:29,252,1.19
GFU1LiSAXiM,🛹  NYC Skateboarding 🔥,"May 30, 2025",8,2,85.3,50,2,2,0,0,0,0,0,0,0,0,0,,0,0,0.5,0,0,0,,0,0,,0,0,,0,0,,,0,,0,0,5,0.005,0,0.001,0:00:06,140,0.71
qVRAu_AlalY,Napoleon Complex Magazine,"Nov 21, 2025",8,2,78.44,66.67,2,1,1,1,0,0,0,0,0,0,0,,0,0,0.5,0,0,0,,0,0,,0,0,,0,0,,,0,,0,0,4,0.0044,0,0.001,0:00:06,55,1.82
BVVbbLZRxcw,🇫🇷 Édouard Detaille’s Epic Paintings💂,"Aug 15, 2025",54,6,22.41,55.56,6,2,4,4,0,0,0,0,0,0,0,,0,0,0.167,0,0,0,,0,0,,0,0,,0,0,,,0,,0,0,10,0.0219,0,0.001,0:00:12,194,1.55
9o0KJtBl2Cg,1805: Austerlitz - PREMIERE Sat. 11/22! 🇫🇷,"Nov 21, 2025",106,2,28.17,33.33,2,0,2,1,1,0,0,0,0,-1,0,100,0,0,0.5,0,0,0,,0,0,,0,0,,0,0,,,0,,0,0,6,0.0185,0,0.001,0:00:29,125,1.6
x6TrrbvY0nA,Color as a Blind Person #blind #sight,"Jun 27, 2023",55,7,119.49,46.67,7,6,0,0,0,0,0,0,0,1,0,100,0,0,0.167,0,0,0,,0,0,,0,0,,0,0,,,0,,4,0.0497,20,0.1301,0,0.001,0:01:05,406,0.74
BdLO8SoGx9k,Legendary Cavalry Charge - FULL VIDEO OUT!,"Jan 18, 2025",60,2,16.13,25,2,1,1,1,0,0,0,0,0,0,0,,0,0,0.5,0,0,0,,0,0,,0,0,,0,0,,,0,,0,0,6,0.006,0,0.001,0:00:09,282,0.35
bI3n6wztY1Y,Napoleon 🇫🇷 CORPS,"Nov 27, 2025",52,9,38.85,81.82,9,3,6,6,0,0,0,0,0,0,0,,0,0,0.111,0,0,0,,0,0,,0,0,,0,0,,,0,,1,0.0018,12,0.0517,0,0.001,0:00:20,312,0.96
dpPbfdbrxPQ,🐎 Marshal Ney ⚔️ Napoleon's Cavalry Badass,"Sep 18, 2025",179,15,52.19,37.93,15,7,8,7,1,0,0,1,0,-1,0,100,0,0,0.067,0,0,0,,0,0,,0,0,,0,0,,,0,,1,0.0005,37,0.3969,1,0.001,0:01:33,568,1.23
h5-4KmcIR6Y,SPLINE WalkThrough Intro : LEARN 3D,"Feb 8, 2025",57,3,33.57,75,2,2,0,0,0,0,0,0,0,0,0,,0,0,0.333,0,0,0,,0,0,,0,0,,0,0,,,0,,0,0,4,0.0168,0,0.001,0:00:19,34,5.88
ebWIVsiU960,💂 AI Alien Napoleonic Cavalry 🛡️👽,"Aug 19, 2025",11,4,96.47,30.77,4,4,0,0,0,0,0,0,0,0,1,0,0,0,0.25,0,0,0,,0,0,,0,0,,0,0,,,0,,2,0.0029,15,0.015,0,0.001,0:00:10,488,0.61
c4xwD4ORo1M,My Pink Panther rotoscope animation on a Y2K gameboy #bringbacktranslucenttech #art,"Apr 26, 2023",9,7,117.22,41.67,6,6,0,0,0,0,0,0,0,0,0,,0,0,0.143,0,0,0,,0,0,,0,0,,0,0,,,0,,0,0,21,0.0259,0,0.001,0:00:10,255,1.18
jyD14MHSVJY,🇫🇷🐎Culture of the Cavalry🐎🇫🇷,"Oct 10, 2025",177,4,6.29,44.44,4,2,2,1,1,0,0,0,0,0,0,,0,0,0.25,0,0,0,,0,0,,0,0,,0,0,,,0,,0,0,9,0.0143,0,0.001,0:00:11,231,1.3
Zji7lKw3Bh0,✨Napoleon’s Marengo Uniform 🖼️,"Oct 5, 2025",93,3,91.2,37.5,3,1,2,2,0,0,0,0,0,0,0,,0,0,0.333,0,0,0,,0,0,,0,0,,0,0,,,0,,1,0.0157,9,0.0714,0,0.001,0:01:24,138,0.72
mfn6IFvu5sU,⚔️ General LaSalle 🐎 Napoleon’s Cavalry Hero,"Sep 11, 2025",168,15,27.58,52.63,13,3,10,9,1,0,0,0,0,2,0,100,0,0,0.077,0,0,0,,0,0,,0,0,,0,0,,,0,,0,0,25,0.1964,0,0.001,0:00:46,418,1.44
b2_haom0z58,NAPOLEON lost his VIRGINITY to a PROSTITUTE!?,"Mar 21, 2025",55,29,55.33,52.17,27,25,1,1,0,0,0,0,0,0,0,,0,0,0.037,0,0,0,,0,0,,0,0,,0,0,,,0,,1,0.0017,40,0.2489,0,0.001,0:00:30,177,1.69
XSeVMkZ5uqQ,🔥Napolious BIG,"Nov 18, 2025",46,3,34.04,100,2,1,1,0,1,0,0,0,0,0,0,,0,0,0.333,0,0,0,,0,0,,0,0,,0,0,,,0,,0,0,3,0.013,0,0.001,0:00:15,58,1.72
WQBzNxD4E5U,🇺🇸 ✨FIREWORKS : Watch FULLSCREEN ^^^,"Jul 29, 2025",43,5,16.43,30.77,3,2,1,1,0,0,0,0,0,0,0,,0,0,0.2,0,0,0,,0,0,,0,0,,0,0,,,0,,1,0.0026,13,0.0132,0,0.001,0:00:07,129,0.78
1duI7Zb3hP8,SUPREME TRAIN,"Oct 21, 2024",7,4,439.94,57.14,4,4,0,0,0,0,0,0,0,0,0,,0,0,0.25,0,0,0,,0,0,,0,0,,0,0,,,0,,0,0,13,0.035,0,0.001,0:00:30,68,4.41
HKeh19opGS4,🐎 Cavalry of the Napoleonic Wars 🐎,"Sep 6, 2025",55,13,52.19,21.74,13,7,7,6,1,0,0,0,0,1,0,100,0,0,0.083,0,0,0,,0,0,,0,0,,0,0,,,0,,6,0.0267,51,0.1173,0,0.001,0:00:28,1055,0.38
EhtROfh9YqQ,MURAT ⚔️ The Sword of Napoleon 🇫🇷,"Nov 6, 2025",137,2,44.02,66.67,2,1,1,1,0,0,0,0,0,-1,0,100,0,0,0.5,0,0,0,,0,0,,0,0,,0,0,,,0,,0,0,5,0.0343,0,0.001,0:01:00,163,0
8XhKbpxWzKw,Marshal Ney ⚔️ The Bravest of the Brave,"Sep 29, 2025",178,7,63.09,55.56,6,4,2,2,0,0,0,0,0,0,0,,0,0,0.143,0,0,0,,0,0,,0,0,,0,0,,,0,,2,0.0414,15,0.2199,0,0.001,0:01:52,265,1.13
Mn0kA9AosNU,Napoleon’s Cavalry ⚔️ Weapons & Equipment 🐎,"Sep 25, 2025",170,5,22.6,55.56,5,2,3,3,0,0,0,0,0,0,0,,0,0,0.2,0,0,0,,0,0,,0,0,,0,0,,,0,,1,0.0005,9,0.0547,0,0.001,0:00:38,191,2.09
3R29dFynqHM,Rotoscoping Animation by @TheMotionVisual Full Video on Channel! #animation  #rotoscoping,"Apr 11, 2023",6,13,151.11,70.59,12,11,1,1,0,0,0,0,0,0,0,,0,0,0.083,0,0,0,,0,0,,0,0,,0,0,,,0,,0,0,28,0.0347,0,0.001,0:00:09,930,0.75
PxB8KrXxsJI,Diabolican Minion Glasses & A Kesha Bootleg Tee,"Nov 16, 2024",32,2,111.98,100,1,0,1,0,1,0,0,0,0,0,0,,0,0,0.5,0,0,0,,0,0,,0,0,,0,0,,,0,,0,0,4,0.0199,0,0.001,0:00:35,20,10
B7g6y1NnV38,Marshal Jan Bessières ⚔️  Napoleon's Steadfast Cavalry Leader,"Dec 16, 2025",159,7,41.63,35,7,3,4,4,0,0,0,0,0,0,0,,0,0,0.143,0,0,0,,0,0,,0,0,,0,0,,,0,,2,0.0038,21,0.1327,0,0.001,0:01:06,340,1.18
nVUebmOjJSg,Kickflip Skateboard Rotoscope Animation,"Mar 15, 2023",29,7,34.64,55.56,7,7,0,0,0,0,0,0,0,0,0,,1,0,0.143,0,0,0,,0,0,,0,0,,0,0,,,0,,3,0.0086,11,0.0213,0,0.001,0:00:10,162,1.85
h65vbcNIFiM,DIAMONDS - FULL 4K Visual LIVE NOW!,"Oct 3, 2024",14,7,41.63,100,1,1,0,0,0,0,0,0,0,0,0,,0,0,0.143,0,0,0,,0,0,,0,0,,0,0,,,0,,0,0,8,0.0113,0,0.001,0:00:05,7,0
kyLv6ghnHmM,Battle of WATERLOO 💂‍♂️ EYE WITNESS ⚔️ Hear the STORY ^,"Jul 29, 2025",72,5,26.34,80,5,4,1,1,0,0,0,0,0,0,0,,0,0,0.2,0,0,0,,0,0,,0,0,,0,0,,,0,,1,0.0032,6,0.0267,0,0.001,0:00:18,253,0.79
vpBo2YJk8Ng,🔥Napoleon’s Battalion Carré 🇫🇷,"Nov 18, 2025",53,13,57.34,58.33,13,8,5,5,0,0,0,0,0,0,0,,0,0,0.077,0,0,0,,0,0,,0,0,,0,0,,,0,,1,0.0024,19,0.1113,0,0.001,0:00:30,103,2.91
_SPXguMzhq0,💂Napoleon’s Army 🇫🇷 The Corps System⚔️,"Nov 8, 2025",48,4,30.33,50,4,3,1,1,0,0,0,0,0,-1,-1,50,0,0,0.25,0,0,0,,0,0,,0,0,,0,0,,,0,,1,0.0063,6,0.0173,0,0.001,0:00:14,240,1.25
63aWdrpAtT8,Procreate Rotoscope - Learn Animation on this channel!,"Oct 14, 2024",6,7,347.27,30.43,7,5,2,2,0,0,0,0,0,0,0,,0,0,0.143,0,0,0,,0,0,,0,0,,0,0,,,0,,10,0.0067,34,0.0473,0,0.001,0:00:20,316,1.9
dVUkhMzDZoM,AUSTERLITZ from ABOVE 🇫🇷,"Dec 7, 2025",27,5,54.64,45.45,5,3,2,2,0,0,0,0,0,0,0,,0,0,0.2,0,0,0,,0,0,,0,0,,0,0,,,0,,1,0.0004,11,0.0217,0,0.001,0:00:14,196,0.51
QnTKhDfnQJ4,Napoleonic Relics ⚔️🇫🇷 Marshal Ney,"Oct 16, 2025",42,9,80.15,66.67,9,6,3,3,0,0,0,0,0,0,0,,0,0,0.111,0,0,0,,0,0,,0,0,,0,0,,,0,,0,0,16,0.0855,0,0.001,0:00:33,208,1.44
31vmncBja2c,🎸🕊️✝️🤘Brand New – Jesus Christ LIVE in Newark  🖤,"Jun 30, 2025",60,5,71.1,50,5,5,0,0,0,0,0,0,0,0,0,,0,0,0.2,0,0,0,,0,0,,0,0,,0,0,,,0,,1,0.0133,10,0.0614,0,0.001,0:00:42,382,1.05
tMfkSZFP5po,🔥✨Adobe Illustrator : Turntable 🎨🔥,"Aug 29, 2025",7,3,101.61,50,3,3,0,0,0,0,0,0,0,0,0,,0,0,0.333,0,0,0,,0,0,,0,0,,0,0,,,0,,0,0,5,0.0069,0,0.001,0:00:07,234,0.85
Y02-NgdT2wo,Watch HERE ^^^,"Jul 17, 2025",19,3,3658.92,100,1,0,1,1,0,0,0,0,0,0,0,,0,0,0.333,0,0,0,,0,0,,0,0,,0,0,,,0,,0,0,10,0.5793,0,0.001,0:11:35,12,16.67
J0ND0VvpNIM,Coming SOON : SUBSCRIBE ^^^,"Dec 17, 2025",18,2,84.44,66.67,2,0,2,2,0,0,0,0,0,0,0,,0,0,0,0,0,0,,0,0,,0,0,,0,0,,,0,,2,0.0061,4,0.0084,0,0,0:00:15,98,1.02
0HViHjgLeXY,🇫🇷 EPIC Napoleon Channel!,"Nov 25, 2025",41,3,76.09,25,2,2,0,0,0,0,0,0,0,0,0,,0,0,0,0,0,0,,0,0,,0,0,,0,0,,,0,,0,0,7,0.0265,0,0,0:00:31,102,1.96
ZU-pdqrJ5os,DANUBE BRIDGE 🇫🇷 The Road to AUSTERLITZ 💂‍♂️,"Nov 27, 2025",54,7,52.66,37.5,7,5,0,0,0,0,0,0,0,0,0,,0,0,0,0,0,0,,0,0,,0,0,,0,0,,,0,,0,0,19,0.0593,0,0,0:00:28,209,1.91
QghPsuwZIYQ,The Black Box - Learn 3D!,"May 8, 2025",8,1,112.74,50,1,1,0,0,0,0,0,0,0,0,0,,0,0,0,0,0,0,,0,0,,0,0,,0,0,,,0,,0,0,3,0.0028,0,0,0:00:09,13,0
MYOb5s6Telg,Brand New - Dallas 3/26/25 - Jesse Lacey - Play Crack the Sky #brandnew,"Mar 29, 2025",60,3,36.61,28.57,3,3,0,0,0,0,0,0,0,-1,0,100,0,0,0,0,0,0,,0,0,,0,0,,0,0,,,0,,3,0.0023,8,0.0205,0,0,0:00:21,200,0.5
_jZR22c4qtY,Voxel Subway Station - @TheMotionVisual #3dart #art #3danimation #graffiti,"Mar 23, 2023",17,2,44.04,50,2,2,0,0,0,0,0,0,0,0,0,,0,0,0,0,0,0,,0,0,,0,0,,0,0,,,0,,0,0,4,0.0052,0,0,0:00:07,79,1.27
Oy1qh3MuRkA,3D Animation in SPLINE!,"Jun 10, 2025",8,2,73.13,66.67,2,1,1,1,0,0,0,0,0,0,0,,0,0,0,0,0,0,,0,0,,0,0,,0,0,,,0,,0,0,3,0.0041,0,0,0:00:05,203,0.49
gti1rTzXkoI,Getting Shady,"Nov 8, 2024",8,1,99.25,100,1,1,0,0,0,0,0,0,0,0,0,,0,0,0,0,0,0,,0,0,,0,0,,0,0,,,0,,0,0,2,0.0022,0,0,0:00:07,10,10
6ELHhUk_xVg,SPLINE x MIXAMO 🔥 3D FIGURES!,"Jun 13, 2025",15,1,148.8,100,1,1,0,0,0,0,0,0,0,0,0,,0,0,0,0,0,0,,0,0,,0,0,,0,0,,,0,,0,0,2,0.0062,0,0,0:00:22,57,0
gUe1jyY_Mnw,💀🔥Native Huichol Skull : 3D Animation 🌈✨,"Jun 17, 2025",8,1,96.25,100,1,1,0,0,0,0,0,0,0,0,0,,0,0,0,0,0,0,,0,0,,0,0,,0,0,,,0,,2,0.0021,2,0.0021,0,0,0:00:07,39,0
F7T-qtsNTG0,STREETWEAR 🌆 HANDMADE NYC Shirts!🗽,"Jun 21, 2025",17,1,286.47,100,1,1,0,0,0,0,0,0,0,-1,0,100,0,0,0,0,0,0,,0,0,,0,0,,0,0,,,0,,0,0,3,0.0135,0,0,0:00:48,51,1.96
U8G4h4ndMVI,🔥👉Make 3D Animations in Spline✨🖼️,"Sep 8, 2025",40,1,128.93,100,1,1,0,0,0,0,0,0,0,0,0,,0,0,0,0,0,0,,0,0,,0,0,,0,0,,,0,,0,0,2,0.0143,0,0,0:00:51,296,0
xmK7thBh7SU,🐎Napoleons Cavalry⚔️,"Sep 28, 2025",97,3,51.71,33.33,3,0,3,2,1,0,0,0,0,0,0,,0,0,0,0,0,0,,0,0,,0,0,,0,0,,,0,,0,0,9,0.0448,0,0,0:00:50,166,1.2
8D9Wh4Kcv-U,SPLINE Character Animations - Body Motions added to my Custom Stickman Guy! (: #animation,"Aug 12, 2024",12,7,103.76,58.33,7,7,0,0,0,0,0,0,0,0,0,,0,0,0,0,0,0,,0,0,,0,0,,0,0,,,0,,4,0.0096,14,0.0266,0,0,0:00:12,241,2.49
AsoBVvH0oZU,Let’s go YANKEES,"Oct 22, 2024",15,1,788.13,100,1,0,1,0,1,0,0,0,0,0,0,,0,0,0,0,0,0,,0,0,,0,0,,0,0,,,0,,0,0,5,0.0328,0,0,0:01:58,2,50
pfqOHHKMBKg,⚔️The Emperor's Men 🐎,"Oct 11, 2025",98,2,24.03,18.18,1,1,0,0,0,0,0,0,0,1,0,100,0,0,0,0,0,0,,0,0,,0,0,,0,0,,,0,,2,0.001,8,0.0147,0,0,0:00:23,383,0.26
tdukFCX2NM4,🐎 Napoleon's Cavalry LEGENDS,"Nov 26, 2025",5,1,186.2,25,1,0,1,1,0,0,0,0,0,0,0,,0,0,0,0,0,0,,0,0,,0,0,,0,0,,,0,,0,0,5,0.0039,0,0,0:00:09,143,0.7
hirDwcvChuI,Fit Check 💖💙 Romeo + Juliet Vibes ✨,"Aug 19, 2025",6,1,74.33,50,1,0,1,0,1,0,0,0,0,0,0,,0,0,0,0,0,0,,0,0,,0,0,,0,0,,,0,,0,0,2,0.0018,0,0,0:00:04,84,2.38
w7sSi6zY3KY,Hand Drawn Animation - ROTOSCOPE,"Feb 14, 2025",33,1,27.15,100,1,1,0,0,0,0,0,0,0,0,0,,0,0,0,0,0,0,,0,0,,0,0,,0,0,,,0,,0,0,1,0.0025,0,0,0:00:08,38,2.63
aS88VFry_Mo,🔥Marshal MURAT🇫🇷🐎💂✨,"Nov 17, 2025",137,3,28.76,37.5,3,2,1,1,0,0,0,0,0,1,0,100,0,0,0,0,0,0,,0,0,,0,0,,0,0,,,0,,1,0.0003,9,0.0343,0,0,0:00:39,119,1.68
s-KOY7DkZXM,Magical Christmas Moments with Santa 🎅✨- Frank Sinatra's Holiday Classic 🎄,"Dec 11, 2024",49,1,0,50,1,1,0,0,0,0,0,0,0,0,-1,-0,0,0,0,0,0,0,,0,0,,0,0,,0,0,,,0,,0,0,2,0.0004,0,0,0:00:00,34,0
8sc2cwQ0Fnw,Smokin' Crypto - LEARN 3D Here!,"Jan 24, 2025",13,1,108.18,100,1,1,0,0,0,0,0,0,0,0,0,,0,0,0,0,0,0,,0,0,,0,0,,0,0,,,0,,0,0,2,0.0039,0,0,0:00:14,22,4.55
StGcQgh9r1k,ANTI A.I. ART SHOW: DON’T TOUCH the ART: I’m in a show! #nycart,"May 28, 2023",15,1,102,50,1,1,0,0,0,0,0,0,0,-1,0,100,0,0,0,0,0,0,,0,0,,0,0,,0,0,,,0,,0,0,3,0.0045,0,0,0:00:15,180,0.56
6virL5bVRWI,PIXEL DISCO - LEARN 3D Animation HERE!,"Sep 20, 2024",8,1,95.5,100,1,1,0,0,0,0,0,0,0,0,0,,0,0,0,0,0,0,,0,0,,0,0,,0,0,,,0,,0,0,2,0.0021,0,0,0:00:07,16,0
40rffnGvwF0,🌆 Handmade NYC Skyline Shirts! 🗽,"Jun 20, 2025",15,1,36.67,50,1,1,0,0,0,0,0,0,0,-1,0,100,0,0,0,0,0,0,,0,0,,0,0,,0,0,,,0,,0,0,2,0.0022,0,0,0:00:05,42,2.38
RSzjBoNjR00,💂 Napoleon's GENIUS 🇫🇷,"Oct 19, 2025",53,2,69.02,33.33,2,0,2,2,0,0,0,0,0,0,0,,0,0,0,0,0,0,,0,0,,0,0,,0,0,,,0,,0,0,5,0.0219,0,0,0:00:36,214,0.47
oE1qIM2tAxI,The Last Knights of Europe ⚔️🇫🇷💂 Napoleonic Cavalry,"Nov 8, 2025",150,3,14.3,20,3,3,0,0,0,0,0,0,0,0,0,,0,0,0,0,0,0,,0,0,,0,0,,0,0,,,0,,0,0,10,0.0206,0,0,0:00:21,174,1.15
jbFQ9EaePdE,Napoleon 🇫🇷 RELICS of the EMPIRE ⚔️,"Nov 1, 2025",13,3,81.5,66.67,3,1,2,2,0,0,0,0,0,-1,0,100,0,0,0,0,0,0,,0,0,,0,0,,0,0,,,0,,0,0,4,0.0096,0,0,0:00:10,122,0
0jXECKPa_EA,AUSTERLITZ Aftermath 🇫🇷 PT. 3,"Nov 20, 2025",81,2,56.84,50,2,1,1,1,0,0,0,0,0,0,0,,0,0,0,0,0,0,,0,0,,0,0,,0,0,,,0,,0,0,5,0.0261,0,0,0:00:46,126,0
XA4KjZ0W6ak,New York City T-shirt,"Apr 24, 2025",10,1,112.25,33.33,1,0,1,1,0,0,0,0,0,0,0,,0,0,0,0,0,0,,0,0,,0,0,,0,0,,,0,,0,0,4,0.0036,0,0,0:00:11,52,0
GZ7VgVYV0mU,DANUBE BRIDGE 🇫🇷  💂‍♂️,"Dec 6, 2025",54,2,12.04,16.67,2,2,0,0,0,0,0,0,0,0,0,,0,0,0,0,0,0,,0,0,,0,0,,0,0,,,0,,2,0.0008,13,0.008,0,0,0:00:06,196,0.51
Koq0Ka5hrFI,🔥Like NAPOLEON?✨,"Nov 19, 2025",46,3,26.45,100,3,1,2,1,1,0,0,1,0,0,0,,0,0,0,0,0,0,,0,0,,0,0,,0,0,,,0,,0,0,3,0.0101,1,0,0:00:12,106,1.89
fbKeJyblU7o,Chopped Cheese or someone gets the Chopper!!!,"Nov 28, 2024",10,1,55.9,100,1,1,0,0,0,0,0,0,0,0,0,,0,0,0,0,0,0,,0,0,,0,0,,0,0,,,0,,0,0,1,0.0016,0,0,0:00:05,13,0
UCUjdDOHIl0,💀 Psychedelic Skull! ✨,"Jun 28, 2025",15,2,43.78,33.33,2,1,1,1,0,0,0,0,0,0,0,,0,0,0,0,0,0,,0,0,,0,0,,0,0,,,0,,1,0.0011,4,0.0053,0,0,0:00:06,176,0
kDqwUyvgkMw,Napoleon’s Supper at Beaucaire 🇫🇷 in English,"Dec 15, 2025",24,3,57.3,25,3,3,0,0,0,0,0,0,0,0,0,,0,0,0,0,0,0,,0,0,,0,0,,0,0,,,0,,0,0,11,0.0138,0,0,0:00:13,245,0.82
GBIEqudpeJM,💂 Faces of Napoleon’s Army 🇫🇷 REAL Veteran Photos,"Nov 8, 2025",178,7,15.93,44.44,6,2,4,4,0,0,0,0,0,0,0,,0,0,0,0,0,0,,0,0,,0,0,,0,0,,,0,,0,0,11,0.0572,0,0,0:00:28,238,1.26
4GSSCpeNYhA,NYC SUBWAY BROOKLYN - 3D VOXEL LiDAR SCAN of L TRAIN = Williamsburg Bushwick - SUB 2 Learn NEW TOOLS,"Aug 22, 2024",19,2,52.82,33.33,2,2,0,0,0,0,0,0,0,0,0,,0,0,0,0,0,0,,0,0,,0,0,,0,0,,,0,,0,0,4,0.0062,0,0,0:00:10,42,2.38
FA0Xrgnq4SY,NAPOLEON BONAPARTE 🇫🇷,"Oct 18, 2025",128,13,29.12,66.67,12,12,0,0,0,0,0,0,0,-1,0,100,3,0,0,0,0,0,,0,0,,0,0,,0,0,,,0,,1,0.0003,16,0.1354,0,0,0:00:37,134,0
ZeZxELVNVWY,🇬🇧 BRITANNIA RULE the RAVES ✨,"Nov 5, 2025",67,1,20.1,25,1,1,0,0,0,0,0,0,0,0,0,,0,0,0,0,0,0,,0,0,,0,0,,0,0,,,0,,0,0,4,0.005,0,0,0:00:13,158,0
qV86GOawIlk,CAVALRY- Full Video OUT NOW! #napoleon #cavalry,"Mar 20, 2025",13,4,79.89,11.54,4,3,1,1,0,0,0,0,0,0,0,,0,0,0,0,0,0,,0,0,,0,0,,0,0,,,0,,2,0.0009,26,0.0213,0,0,0:00:10,464,0.22
QWGkC38xrtw,I swallowed a MINECRAFT!,"May 27, 2025",8,1,98.54,100,1,1,0,0,0,0,0,0,0,0,0,,0,0,0,0,0,0,,0,0,,0,0,,0,0,,,0,,0,0,2,0.0022,0,0,0:00:07,59,0
WvPpm6NHDGA,🔥 LODI 🇫🇷 Napoleon’s First Glory✨,"Oct 17, 2025",61,1,21.07,33.33,1,0,1,1,0,0,0,0,0,0,0,,0,0,0,0,0,0,,0,0,,0,0,,0,0,,,0,,1,0.0036,3,0.0039,0,0,0:00:12,235,0.43
8PRnNEmVbK0,🎮 Napoleon 64 🐎,"Dec 6, 2025",26,5,50.08,55.56,5,3,2,2,0,0,0,0,0,0,0,,0,0,0,0,0,0,,0,0,,0,0,,0,0,,,0,,1,0.0007,10,0.0197,0,0,0:00:13,136,2.21
N7p2AAfXhzo,ROY G. BIV,"Mar 11, 2025",13,1,32.48,12.5,1,1,0,0,0,0,0,0,0,0,0,,0,0,0,0,0,0,,0,0,,0,0,,0,0,,,0,,0,0,8,0.0037,0,0,0:00:04,201,0.5
wqfngFuCQuE,Nintendo Switch Product Shoot : 3D Model Virtual Footage & Video Effects #3danimation,"Jun 26, 2023",17,1,66.23,100,1,1,0,0,0,0,0,0,0,0,0,,0,0,0,0,0,0,,0,0,,0,0,,0,0,,,0,,0,0,1,0.0031,0,0,0:00:11,28,0
nmh4da1w0Fw,🧬 Molecule: @CBREWSTERART 3D Animation & Blender Art,"Mar 27, 2023",15,4,71,25,3,2,1,0,1,0,0,0,0,0,0,,0,0,0,0,0,0,,0,0,,0,0,,0,0,,,0,,1,0.0009,7,0.0139,0,0,0:00:10,162,1.85
ZfGsuo_0U2Q,NAPOLEON 1805 🇫🇷 AUSTERLITZ,"Nov 16, 2025",118,1,4.8,33.33,1,0,1,1,0,0,0,0,0,0,0,,0,0,0,0,0,0,,0,0,,0,0,,0,0,,,0,,0,0,3,0.0024,0,0,0:00:05,150,0.67
O3jFwPIggyA,SPLINE Tutorials,"Mar 14, 2025",11,6,88.85,71.43,6,4,1,1,0,0,0,0,0,0,0,,0,0,0,0,0,0,,0,0,,0,0,,0,0,,,0,,2,0.0028,9,0.018,0,0,0:00:09,142,3.52
8FcttSL-ZKE,Nelson’s Last Stand ⚓ Battle of Trafalgar 🇬🇧,"Oct 6, 2025",62,4,65.68,25,4,4,0,0,0,0,0,0,0,0,0,,0,0,0,0,0,0,,0,0,,0,0,,0,0,,,0,,1,0.0015,14,0.0491,0,0,0:00:40,348,0.86
Lu7RLpTBOZ0,🎨✨Satisfying Painting 🎨✨,"Aug 21, 2025",13,2,72.96,50,2,2,0,0,0,0,0,0,0,0,0,,0,0,0,0,0,0,,0,0,,0,0,,0,0,,,0,,0,0,4,0.0058,0,0,0:00:09,62,1.61
WI8fIrWaXlY,Napoleonic Relics ⚜️ Marshal Ney’s Cloak,"Oct 11, 2025",38,6,82.03,71.43,6,3,3,3,0,0,0,0,0,0,0,,0,0,0,0,0,0,,0,0,,0,0,,0,0,,,0,,0,0,9,0.0523,0,0,0:00:31,155,1.29
gcqHwQETdjs,🔥 INSANE 3D Figures!💥 LEARN Motion Design! ✨,"Jun 14, 2025",15,1,79.33,50,1,1,0,0,0,0,0,0,0,0,0,,0,0,0,0,0,0,,0,0,,0,0,,0,0,,,0,,2,0.0034,2,0.0034,0,0,0:00:11,22,4.55
JjF3xA6eGzI,LEARN 3D Design + Animation in 2025!,"May 6, 2025",115,6,22.82,100,6,4,2,2,0,0,0,1,0,0,0,,0,0,0,0,0,0,,0,0,,0,0,,0,0,,,0,2,0,0,6,0.0437,1,0,0:00:26,116,2.59
4rfFlfJJaJg,🔥⚔️ Deadly Origins: Capture the Flag ✨,"Oct 17, 2025",72,3,10.4,100,3,2,1,1,0,0,0,0,0,0,0,,0,0,0,0,0,0,,0,0,,0,0,,0,0,,,0,,0,0,3,0.0062,0,0,0:00:07,64,4.69
QZ2NytIZ8Ss,🇫🇷 LIFE in Napoleon’s Cavalry 🐎 (3/3),"Nov 5, 2025",60,8,78.81,33.33,2,1,1,1,0,0,0,0,0,0,0,,0,0,0,0,0,0,,0,0,,0,0,,0,0,,,0,,0,0,10,0.1063,0,0,0:00:47,87,9.2
OArdV3tH1mw,Trying on EVERY COLOR pair of SHADES I Own,"Nov 5, 2024",8,1,101.25,100,1,1,0,0,0,0,0,0,0,1,0,100,0,0,0,0,0,0,,0,0,,0,0,,0,0,,,0,,0,0,2,0.0022,0,0,0:00:08,7,14.29
rmi6XknXhZQ,Napoleonic Cavalry ⚔️🐎 Culture + Lifestyle,"Oct 16, 2025",176,3,11.91,66.67,3,3,0,0,0,0,0,0,0,0,0,,0,0,0,0,0,0,,0,0,,0,0,,0,0,,,0,,0,0,4,0.0178,0,0,0:00:20,202,0.5
cpieG8w4a8A,Brand New - Dallas 3/26/25 - Degausser #brandnew,"Mar 29, 2025",60,2,80.17,28.57,2,2,0,0,0,0,0,0,0,0,0,,0,0,0,0,0,0,,0,0,,0,0,,0,0,,,0,,3,0.0277,5,0.0282,0,0,0:00:48,191,0
i72BbcNsZFQ,Napoleonic Cavalry ⚔️🐎 Ballrooms + Battlefields,"Sep 4, 2025",38,7,59.97,53.85,7,1,6,6,0,0,0,0,0,0,0,,0,0,0,0,0,0,,0,0,,0,0,,0,0,,,0,,0,0,12,0.0477,0,0,0:00:22,415,0.24
EUf_G1PjS6s,NAPOLEON 1805 🇫🇷,"Oct 23, 2025",45,11,943.43,40,11,10,1,1,0,0,0,0,0,2,0,100,0,0,0,0,0,0,,0,0,,0,0,,0,0,,,0,,1,0.0014,32,1.3053,0,0,0:07:04,636,0.94
zwtScY2kRRA,Before AUSTERLITZ Pt. 1,"Dec 15, 2025",59,4,62.36,22.22,3,1,2,2,0,0,0,0,0,0,0,,0,0,0,0,0,0,,0,0,,0,0,,0,0,,,0,,1,0.0005,12,0.0443,0,0,0:00:36,155,0.65
AoyKWrp-0i0,Napoleonic Art💂^^^ FULL VIDEO,"Aug 16, 2025",51,5,53.09,71.43,5,4,1,1,0,0,0,0,0,0,0,,0,0,0,0,0,0,,0,0,,0,0,,0,0,,,0,,0,0,8,0.0383,0,0,0:00:27,123,1.63
ywU-VXEI9hE,NAPOLEON's Meteoric Rise : PT I,"Oct 3, 2025",59,2,17.29,50,2,2,0,0,0,0,0,0,0,0,0,,0,0,,0,0,0,,0,0,,0,0,,0,0,,,0,,0,0,5,0.006,0,0,0:00:10,148,0
sfrtY0NGYRE,LODI 🇫🇷 Napoleon’s First Taste of Glory,"Oct 12, 2025",62,2,75.6,100,2,1,1,1,0,0,0,0,0,1,0,100,0,0,0,0,0,0,,0,0,,0,0,,0,0,,,0,,0,0,2,0.026,0,0,0:00:46,131,0.76
HtRVHH02R80,Rick & Morty Painting,"Nov 6, 2024",29,2,64.58,50,2,2,0,0,0,0,0,0,0,-1,0,100,0,0,0,0,0,0,,0,0,,0,0,,0,0,,,0,,0,0,3,0.011,0,0,0:00:18,166,0
zzUowI7z5Oc,💂  Napoleonic Art 🎨 ^^^ FULL VIDEO,"Aug 30, 2025",52,3,35.28,50,3,1,2,2,0,0,0,0,0,0,0,,0,0,0,0,0,0,,0,0,,0,0,,0,0,,,0,,1,0.002,6,0.0169,0,0,0:00:18,316,0.32
dLIdNhhEO4I,“The Regularness of Life”,"Dec 6, 2024",58,4,18.13,80,4,3,1,1,0,0,0,0,0,-1,0,100,0,0,0,0,0,0,,0,0,,0,0,,0,0,,,0,,2,0.0029,5,0.0119,0,0,0:00:10,124,1.61
aS4h63rnLSg,DIVE BAR BATHROOM - TRIPPY Memory #motiondesign #spline,"Aug 14, 2024",16,3,62.44,100,2,2,0,0,0,0,0,0,0,0,0,,0,0,0,0,0,0,,0,0,,0,0,,0,0,,,0,,4,0.0083,4,0.0083,0,0,0:00:09,96,2.08
shjxeUYEHks,Austerlitz 1805 🇫🇷 WATCH NOW 💂‍♂️,"Nov 24, 2025",10,1,161,50,1,0,1,0,1,0,0,0,0,0,0,,0,0,0,0,0,0,,0,0,,0,0,,0,0,,,0,,0,0,4,0.0052,0,0,0:00:16,91,0
TRqtcjnU9_Y,Joachim Murat 💂 Napoleon’s Daring Cavalry Commander 🐎,"Sep 17, 2025",137,5,41.06,42.86,4,0,4,4,0,0,0,0,0,0,0,,0,0,0,0,0,0,,0,0,,0,0,,0,0,,,0,,1,0.0003,10,0.0794,0,0,0:00:56,220,0.45
UctHTaGbqWU,TRULY Epic NAPOLEON 🇫🇷,"Nov 10, 2025",45,2,24,100,1,0,1,1,0,0,0,0,0,0,0,,0,0,0,0,0,0,,0,0,,0,0,,0,0,,,0,,0,0,3,0.006,0,0,0:00:10,74,0
1JcRhcWSK7Y,🇫🇷 LIFE in Napoleon’s Cavalry 🐎 (2/3),"Nov 5, 2025",49,1,37.76,100,1,1,0,0,0,0,0,0,0,0,0,,0,0,0,0,0,0,,0,0,,0,0,,0,0,,,0,,0,0,1,0.0051,0,0,0:00:18,87,1.15
wrPj_yDHhR0,"Kendrick, Love & Basketball #animation #motiondesign","Jul 7, 2023",12,1,66.91,33.33,1,1,0,0,0,0,0,0,0,0,0,,0,0,0,0,0,0,,0,0,,0,0,,0,0,,,0,,0,0,5,0.0034,0,0,0:00:08,88,0
yArskxi-1SU,Austerlitz 1805 🇫🇷🇫🇷🇫🇷,"Nov 23, 2025",114,1,48.86,25,1,0,1,1,0,0,0,0,0,0,0,,0,0,0,0,0,0,,0,0,,0,0,,0,0,,,0,,0,0,4,0.0165,0,0,0:00:55,65,0
grSPGjXdA8g,PIXEL PARTY - FULL HOUR Visual & Playlist LIVE NOW!,"Sep 29, 2024",12,3,63.18,42.86,3,3,0,0,0,0,0,0,0,0,0,,0,0,0,0,0,0,,0,0,,0,0,,0,0,1,1350,0,,1,0.0012,7,0.008,0,0,0:00:07,97,2.06
hinOY6S6hxg,CORPS 🇫🇷,"Oct 26, 2025",79,1,31.01,50,1,1,0,0,0,0,0,0,0,0,0,,0,0,0,0,0,0,,0,0,,0,0,,0,0,,,0,,0,0,3,0.007,0,0,0:00:24,123,0.81
qBw_geE_-3s,LIQUID SKY,"Feb 27, 2025",60,4,58.84,75,4,4,0,0,0,0,0,0,0,0,0,,0,0,0,0,0,0,,0,0,,0,0,,0,0,,,0,,2,0.0081,6,0.0403,0,0,0:00:35,164,1.22
Dk_fPLAxPhE,NAPOLEON ⚔️ 1805 🇫🇷 [Pt.2],"Nov 29, 2025",47,1,84.07,12.5,1,1,0,0,0,0,0,0,0,0,0,,0,0,0,0,0,0,,0,0,,0,0,,0,0,,,0,,0,0,6,0.0129,0,0,0:00:39,335,0.3
CsTNxEQUMmE,1805 Austerlitz : OUT NOW,"Nov 28, 2025",29,1,37.93,50,1,0,1,1,0,0,0,0,0,-1,0,100,0,0,0,0,0,0,,0,0,,0,0,,0,0,,,0,,0,0,2,0.0035,0,0,0:00:11,113,0.88
6tbnh2iDEt4,Holographic Charizard 🔥 IN 3D ✨,"Aug 18, 2025",33,4,35.95,80,3,3,0,0,0,0,0,0,0,0,0,,0,0,0,0,0,0,,0,0,,0,0,,0,0,,,0,,1,0.0014,4,0.0132,0,0,0:00:11,65,6.15
0D5ynyHmZXE,NEW YORK CITY! T-Shirt Collection Art (:,"Nov 8, 2024",8,1,84.96,20,1,1,0,0,0,0,0,0,0,0,0,,0,0,0,0,0,0,,0,0,,0,0,,0,0,,,0,,0,0,3,0.0024,0,0,0:00:06,76,0
L2E5ujN4ScA,💂 The Last Knights of Europe,"Nov 9, 2025",161,2,13.01,33.33,2,2,0,0,0,0,0,0,0,-1,0,100,0,0,0,0,0,0,,0,0,,0,0,,0,0,,,0,,1,0.0077,6,0.0128,0,0,0:00:20,121,1.65
9t_MJlUGwNo,Pinball Party!,"Nov 26, 2024",51,1,8.82,25,1,1,0,0,0,0,0,0,0,0,0,,0,0,0,0,0,0,,0,0,,0,0,,0,0,,,0,,2,0.0015,4,0.0027,0,0,0:00:04,34,2.94
Af1VFzgxTj8,✨🖼️ChatGPT for Designers 🎨,"Aug 28, 2025",59,5,117.33,83.33,4,4,0,0,0,0,0,0,0,0,0,,0,0,0,0,0,0,,0,0,,0,0,,0,0,,,0,,0,0,10,0.0964,0,0,0:01:09,137,3.65
X9eXSn16dis,⚜️ Inside the Grand Armée 🇫🇷,"Oct 30, 2025",80,4,36.26,60,3,3,0,0,0,0,0,0,0,0,0,,0,0,0,0,0,0,,0,0,,0,0,,0,0,,,0,,0,0,5,0.0324,0,0,0:00:29,102,0.98
cO9a9EvDqgs,TRAFALGAR 🎖️ NELSON'S Last Stand ⚓️,"Aug 7, 2025",66,3,47.2,50,3,2,1,1,0,0,0,0,0,0,0,,0,0,0,0,0,0,,0,0,,0,0,,0,0,,,0,,0,0,4,0.0261,0,0,0:00:31,103,0.97
IAqTGmvh8Pc,🇫🇷 EPIC Napoleon Channel!,"Nov 14, 2025",8,1,171.25,50,1,0,1,1,0,0,0,0,0,0,0,,0,0,0,0,0,0,,0,0,,0,0,,0,0,,,0,,0,0,3,0.0044,0,0,0:00:13,38,0
Iy63YLk9dY0,LEARN 3D Animation!,"Aug 16, 2025",44,1,47.89,50,1,1,0,0,0,0,0,0,0,-1,0,100,0,0,0,0,0,0,,0,0,,0,0,,0,0,,,0,,0,0,2,0.0066,0,0,0:00:21,368,0
xFTBdVIKCI4,Backflip #spline  #animation #spline3d #motiongraphics #3d,"Sep 1, 2024",6,2,142.78,100,2,1,1,1,0,0,0,0,0,0,0,,0,0,0,0,0,0,,0,0,,0,0,,0,0,,,0,,0,0,3,0.0048,0,0,0:00:08,51,1.96
LDmXewFreOc,Graffiti Gobstopper #animation,"Sep 1, 2024",14,1,104.93,11.11,1,0,1,1,0,0,0,0,0,0,0,,0,0,0,0,0,0,,0,0,,0,0,,0,0,,,0,,0,0,10,0.0066,0,0,0:00:14,25,4
GSKCCi8sXNM,PAINT + ANIMATION #animation,"Mar 15, 2025",26,1,15.38,100,1,1,0,0,0,0,0,0,0,0,0,,0,0,0,0,0,0,,0,0,,0,0,,0,0,,,0,,1,0.0011,1,0.0011,0,0,0:00:04,135,0.74
a8iBRe1sCt4,🔥✨Napoleon’s Army Brought to Life 🎨⚔️,"Aug 21, 2025",25,3,67.95,75,3,0,3,3,0,0,0,0,0,0,0,,0,0,0,0,0,0,,0,0,,0,0,,0,0,,,0,,0,0,6,0.0149,0,0,0:00:16,253,0.79
Ui0S8kzPS8w,CRYSTAL SPHERE - Full Hour Version LIVE! @splinetool,"Nov 9, 2024",13,8,94.38,50,2,2,0,0,0,0,0,0,0,0,0,,0,0,0,0,0,0,,0,0,,0,0,,0,0,,,0,,1,0.0021,8,0.0273,0,0,0:00:12,119,5.88
0IFf2e-jKeA,ChatGPT Image Generation,"Aug 25, 2025",22,1,110.34,33.33,1,1,0,0,0,0,0,0,0,0,0,,0,0,0,0,0,0,,0,0,,0,0,,0,0,,,0,,0,0,4,0.0076,0,0,0:00:24,53,1.89
Jx8JkaquPaY,ILL GATES - Set Promo Video @illGatesMusic #edm #illgates #promoedit #promo,"Aug 27, 2024",24,4,51.58,100,4,4,0,0,0,0,0,0,0,0,0,,0,0,0,0,0,0,,0,0,,0,0,,0,0,,,0,,1,0.0017,5,0.0138,0,0,0:00:12,171,0.58
SmyTYf3aG-I,Napoleon’s Cavalry ⚔️ Weapons & Equipment Pt II,"Sep 25, 2025",149,3,65.99,20,3,0,3,2,1,0,0,0,0,0,0,,0,0,0,0,0,0,,0,0,,0,0,,0,0,,,0,,1,0.0003,7,0.0837,0,0,0:01:38,179,0
Showing top 500 results
